-- MySQL dump 10.13  Distrib 8.0.19, for Linux (x86_64)
--
-- Host: localhost    Database: vk
-- ------------------------------------------------------
-- Server version	8.0.19

/*!40101 SET @OLD_CHARACTER_SET_CLIENT=@@CHARACTER_SET_CLIENT */;
/*!40101 SET @OLD_CHARACTER_SET_RESULTS=@@CHARACTER_SET_RESULTS */;
/*!40101 SET @OLD_COLLATION_CONNECTION=@@COLLATION_CONNECTION */;
/*!50503 SET NAMES utf8mb4 */;
/*!40103 SET @OLD_TIME_ZONE=@@TIME_ZONE */;
/*!40103 SET TIME_ZONE='+00:00' */;
/*!40014 SET @OLD_UNIQUE_CHECKS=@@UNIQUE_CHECKS, UNIQUE_CHECKS=0 */;
/*!40014 SET @OLD_FOREIGN_KEY_CHECKS=@@FOREIGN_KEY_CHECKS, FOREIGN_KEY_CHECKS=0 */;
/*!40101 SET @OLD_SQL_MODE=@@SQL_MODE, SQL_MODE='NO_AUTO_VALUE_ON_ZERO' */;
/*!40111 SET @OLD_SQL_NOTES=@@SQL_NOTES, SQL_NOTES=0 */;

--
-- Table structure for table `communities`
--

DROP TABLE IF EXISTS `communities`;
/*!40101 SET @saved_cs_client     = @@character_set_client */;
/*!50503 SET character_set_client = utf8mb4 */;
CREATE TABLE `communities` (
  `id` int unsigned NOT NULL AUTO_INCREMENT,
  `name` varchar(150) CHARACTER SET utf8 COLLATE utf8_unicode_ci NOT NULL,
  `description` varchar(255) COLLATE utf8_unicode_ci DEFAULT NULL,
  `is_open` tinyint(1) DEFAULT NULL,
  PRIMARY KEY (`id`),
  UNIQUE KEY `name` (`name`)
) ENGINE=InnoDB AUTO_INCREMENT=201 DEFAULT CHARSET=utf8 COLLATE=utf8_unicode_ci;
/*!40101 SET character_set_client = @saved_cs_client */;

--
-- Dumping data for table `communities`
--

LOCK TABLES `communities` WRITE;
/*!40000 ALTER TABLE `communities` DISABLE KEYS */;
INSERT INTO `communities` VALUES (1,'Quis qui et quos.','Facilis dolorem itaque et rerum est architecto laudantium. Quisquam libero placeat vel temporibus quia in. Assumenda repellendus sed facilis ullam. Omnis eveniet iste assumenda qui.',0),(2,'Ex repellat magni.','Ut rerum voluptatem qui omnis sint quod dicta est. Qui et voluptatem doloremque nihil. Et magni et et aut minima ipsum.',1),(3,'Voluptas fugit voluptas ut consectetur.','Quia molestiae consequatur aut maxime quaerat. Quia earum beatae nam voluptas et. Nostrum sit corrupti iste. Eius et dolor pariatur nobis excepturi sit.',1),(4,'Perspiciatis asperiores rerum ipsam.','Quo sit odit explicabo aut omnis. Facere mollitia omnis at perspiciatis. Nihil ipsa suscipit in doloribus accusamus aut.',0),(5,'Eum eveniet repudiandae repellat.','Qui voluptatem officiis et illum. Dolores pariatur et voluptatem debitis ipsum eum et. Quae commodi esse sapiente odit nulla delectus earum. Ad ut aut aut illo nemo doloribus minus magnam.',1),(6,'Cupiditate accusantium est.','Eius et corporis esse quis et nobis. Ab quam repellendus quia itaque consequatur. Sapiente est sunt et ab quo ad magni. Voluptates deleniti est quos tempore.',0),(7,'Est excepturi placeat vero.','Officiis eligendi velit laudantium repellat. At molestias maxime omnis modi natus laborum eveniet sit. Vitae eum quo veniam.',0),(8,'Unde dolor sint cupiditate.','Est a maxime odio est sed quia magni. Repudiandae sint ut sed corrupti vitae necessitatibus. In ea vero rerum. Rerum in voluptatem voluptatem eum veritatis perferendis sapiente.',1),(9,'Iure ut odit voluptatem.','Rerum nostrum ab dolor laudantium dicta delectus rerum dolores. Ut fuga qui et ea. Aut debitis minima cum est. Ut non a eveniet qui ipsam sit.',1),(10,'Iste nostrum cumque dolores.','Sunt sapiente corrupti ipsum explicabo. Et perferendis voluptatem et non. Nostrum fugiat perspiciatis ut. Libero quos cum quae aliquid id sint doloremque.',0);
/*!40000 ALTER TABLE `communities` ENABLE KEYS */;
UNLOCK TABLES;

--
-- Table structure for table `communities_users`
--

DROP TABLE IF EXISTS `communities_users`;
/*!40101 SET @saved_cs_client     = @@character_set_client */;
/*!50503 SET character_set_client = utf8mb4 */;
CREATE TABLE `communities_users` (
  `community_id` int unsigned NOT NULL,
  `user_id` int unsigned NOT NULL,
  PRIMARY KEY (`community_id`,`user_id`)
) ENGINE=InnoDB DEFAULT CHARSET=utf8 COLLATE=utf8_unicode_ci;
/*!40101 SET character_set_client = @saved_cs_client */;

--
-- Dumping data for table `communities_users`
--

LOCK TABLES `communities_users` WRITE;
/*!40000 ALTER TABLE `communities_users` DISABLE KEYS */;
INSERT INTO `communities_users` VALUES (1,5),(1,11),(1,25),(1,30),(1,31),(1,33),(1,36),(1,38),(1,43),(1,45),(1,61),(1,63),(1,71),(1,74),(1,95),(1,96),(1,103),(1,106),(1,116),(1,121),(1,122),(1,126),(1,136),(1,149),(2,14),(2,28),(2,35),(2,40),(2,52),(2,56),(2,62),(2,82),(2,97),(2,104),(2,124),(2,125),(2,135),(3,4),(3,17),(3,46),(3,57),(3,81),(3,91),(3,92),(3,109),(3,113),(3,119),(3,127),(3,129),(3,130),(3,132),(4,2),(4,23),(4,34),(4,67),(4,69),(4,72),(4,76),(4,78),(4,88),(4,93),(4,105),(4,117),(4,120),(4,140),(4,142),(5,1),(5,8),(5,9),(5,13),(5,60),(5,75),(5,87),(5,100),(5,101),(5,102),(5,107),(5,108),(5,110),(5,123),(5,141),(5,143),(5,148),(5,150),(6,7),(6,10),(6,24),(6,26),(6,27),(6,44),(6,50),(6,55),(6,65),(6,73),(6,77),(6,84),(6,86),(7,19),(7,21),(7,22),(7,29),(7,39),(7,42),(7,48),(7,64),(7,68),(7,70),(7,89),(7,111),(7,138),(7,139),(7,144),(7,146),(8,15),(8,41),(8,47),(8,51),(8,53),(8,58),(8,59),(8,66),(8,80),(8,98),(8,99),(8,118),(8,128),(8,147),(9,6),(9,12),(9,16),(9,18),(9,49),(9,79),(9,114),(9,115),(9,133),(9,134),(9,137),(9,145),(10,3),(10,20),(10,32),(10,37),(10,54),(10,83),(10,85),(10,90),(10,94),(10,112),(10,131);
/*!40000 ALTER TABLE `communities_users` ENABLE KEYS */;
UNLOCK TABLES;

--
-- Table structure for table `friendship`
--

DROP TABLE IF EXISTS `friendship`;
/*!40101 SET @saved_cs_client     = @@character_set_client */;
/*!50503 SET character_set_client = utf8mb4 */;
CREATE TABLE `friendship` (
  `user_id` int unsigned NOT NULL,
  `friend_id` int unsigned NOT NULL,
  `status_id` int unsigned NOT NULL,
  `requested_at` datetime DEFAULT CURRENT_TIMESTAMP,
  `confirmed_at` datetime DEFAULT NULL,
  PRIMARY KEY (`user_id`,`friend_id`)
) ENGINE=InnoDB DEFAULT CHARSET=utf8 COLLATE=utf8_unicode_ci;
/*!40101 SET character_set_client = @saved_cs_client */;

--
-- Dumping data for table `friendship`
--

LOCK TABLES `friendship` WRITE;
/*!40000 ALTER TABLE `friendship` DISABLE KEYS */;
INSERT INTO `friendship` VALUES (1,87,1,'2010-10-13 11:20:01','1990-09-28 03:21:05'),(2,46,2,'2011-07-25 04:06:39','1990-04-17 06:07:51'),(3,101,2,'2009-05-29 08:31:03','1993-04-26 22:07:46'),(4,81,2,'1978-02-28 08:00:27','2003-03-11 02:12:11'),(5,133,2,'1970-04-14 16:52:48','1983-01-22 06:39:45'),(6,23,1,'1986-10-25 09:55:38','2007-08-15 14:59:04'),(7,77,2,'1983-06-03 11:01:37','1999-12-30 22:29:11'),(8,7,2,'1999-04-18 10:20:44','1994-08-07 08:30:48'),(9,108,1,'2018-10-20 21:58:51','1975-03-02 10:51:36'),(10,118,1,'1989-08-10 12:27:07','2004-09-25 17:22:24'),(11,135,1,'2006-05-28 03:59:15','2014-03-09 06:57:55'),(12,25,2,'2002-01-30 11:49:46','2013-05-27 15:57:54'),(13,128,2,'1976-02-15 05:25:23','1972-09-03 12:47:32'),(14,6,1,'1978-11-19 00:52:09','1990-07-03 22:24:13'),(15,18,1,'2005-05-16 17:54:06','1991-07-26 19:08:33'),(16,56,2,'1973-04-23 11:30:14','1998-05-04 05:12:31'),(17,31,1,'2014-04-13 22:30:55','1998-02-09 05:29:55'),(18,94,1,'1992-04-13 17:06:35','1989-07-23 15:14:29'),(19,120,1,'1994-02-14 16:36:55','2010-12-14 12:48:06'),(20,57,2,'1988-08-12 23:58:47','1974-06-03 18:49:31'),(21,79,2,'1985-08-19 05:07:57','1989-04-24 09:13:16'),(22,47,1,'1994-10-09 08:47:09','2004-08-15 06:48:15'),(23,40,2,'1986-01-01 05:52:58','1991-06-29 13:49:45'),(24,142,2,'1970-04-18 05:36:23','2012-11-24 15:48:51'),(25,123,2,'1985-11-11 03:42:28','2017-09-02 23:10:07'),(26,33,1,'1974-01-03 15:59:51','1995-07-13 07:13:31'),(27,1,1,'1987-03-11 05:52:11','2002-01-09 02:12:54'),(28,110,1,'2008-10-31 17:04:33','2004-01-11 12:08:59'),(29,86,2,'2002-08-09 18:13:46','1970-09-11 18:10:00'),(30,71,1,'2010-06-09 12:51:58','1990-11-10 00:36:20'),(31,111,2,'2003-05-26 11:31:51','1994-02-10 01:37:30'),(32,104,2,'1999-05-12 16:25:30','1989-07-11 10:12:51'),(33,125,2,'2013-01-03 17:14:59','1984-02-05 05:02:59'),(34,29,2,'1990-09-10 00:04:34','1974-05-12 09:21:59'),(35,43,2,'1999-12-11 05:31:18','1985-10-13 05:01:59'),(36,127,2,'2007-05-26 09:00:28','2003-04-23 19:40:12'),(37,70,2,'1998-05-03 07:00:57','1977-11-06 01:34:06'),(38,103,2,'1986-01-26 17:24:47','1991-12-30 13:12:46'),(39,80,1,'2003-04-03 10:44:59','2012-04-16 00:12:49'),(40,64,1,'2002-09-23 11:01:34','1977-06-18 20:36:36'),(41,3,1,'1972-02-11 17:18:29','2012-11-24 20:16:47'),(42,97,1,'1981-08-01 13:23:14','2012-07-15 09:54:03'),(43,149,2,'2005-12-18 18:19:48','1972-06-29 04:40:11'),(44,117,1,'2019-08-22 00:32:55','2008-05-23 10:13:08'),(45,45,2,'2014-03-14 03:36:46','2001-01-17 19:27:54'),(46,53,2,'2004-06-25 06:30:22','2004-03-14 10:22:16'),(47,145,1,'1971-02-21 16:24:16','1988-09-07 18:43:33'),(48,136,2,'1991-05-02 05:56:01','1984-12-04 19:17:27'),(49,102,2,'1998-10-21 22:25:21','2008-01-11 11:31:53'),(50,58,2,'1985-01-27 04:55:08','2007-05-21 04:34:09'),(51,34,1,'2014-11-14 03:05:15','2016-03-03 07:01:31'),(52,144,2,'1998-02-04 06:59:58','1983-11-25 02:48:48'),(53,19,2,'1987-01-16 13:47:33','1989-11-07 15:25:19'),(54,61,2,'2019-02-19 12:08:58','1970-10-10 18:13:30'),(55,5,2,'1989-11-06 10:49:38','1970-03-23 08:28:37'),(56,63,1,'1984-09-15 13:02:47','1977-06-25 12:42:19'),(57,146,1,'2012-10-08 00:42:09','1979-04-01 12:49:14'),(58,73,2,'1994-11-22 20:15:40','1990-04-13 01:50:26'),(59,83,2,'1988-07-13 23:40:12','2001-03-23 20:08:48'),(60,22,1,'1970-01-14 05:01:17','2006-03-17 01:53:43'),(61,131,2,'1998-03-16 19:03:37','2013-12-21 17:50:49'),(62,91,2,'1972-05-01 02:57:06','1978-09-28 06:38:45'),(63,8,2,'1973-07-26 16:59:08','1999-02-03 16:55:09'),(64,143,1,'2004-09-11 22:18:57','1993-03-27 14:59:47'),(65,113,1,'1988-06-01 07:10:36','1979-07-14 11:50:13'),(66,68,1,'2004-08-31 08:50:11','1989-12-13 09:56:15'),(67,115,1,'1972-05-23 14:33:29','2007-12-05 01:22:59'),(68,90,2,'1996-01-31 04:04:48','2016-10-03 04:25:38'),(69,36,2,'2016-11-13 23:08:48','1984-07-28 01:08:56'),(70,14,1,'1993-01-01 19:41:09','2004-04-11 20:55:41'),(71,12,1,'1972-05-29 08:43:13','2006-06-24 17:25:10'),(72,78,1,'1990-04-21 11:49:04','1996-03-14 17:56:02'),(73,92,1,'1996-01-13 15:57:43','1970-06-24 20:41:39'),(74,52,1,'1992-04-22 23:36:29','1981-01-09 12:11:15'),(75,75,2,'2001-10-13 05:35:37','2003-10-29 15:08:39'),(76,76,2,'2013-11-05 01:32:13','1981-02-07 19:59:12'),(77,132,1,'1973-05-02 03:02:26','2016-09-26 19:08:44'),(78,9,2,'2006-12-12 12:35:22','1979-10-29 15:04:48'),(79,11,2,'1987-11-12 01:24:55','1985-10-17 20:16:40'),(80,2,2,'2012-02-03 09:00:11','1995-05-08 06:52:56'),(81,130,2,'2006-09-10 20:41:39','1980-01-06 07:07:13'),(82,39,1,'1978-03-24 15:33:51','1990-04-19 05:17:31'),(83,15,2,'2011-03-15 07:36:56','1987-02-10 07:06:52'),(84,95,2,'1992-10-18 11:59:29','1997-01-02 08:19:19'),(85,42,2,'1992-04-12 01:15:53','2014-02-02 10:25:34'),(86,121,2,'2005-12-12 04:46:16','2008-06-23 07:39:52'),(87,38,1,'2010-09-21 12:13:31','2011-09-20 10:00:55'),(88,119,2,'1997-05-30 12:04:59','1992-05-20 04:58:45'),(89,141,1,'2000-12-06 07:53:00','2012-05-28 06:30:21'),(90,126,1,'2014-06-10 16:41:18','2012-02-19 10:45:15'),(91,129,2,'2004-03-16 23:59:41','2016-10-18 02:43:17'),(92,107,2,'1993-08-15 02:57:16','2012-08-03 08:41:34'),(93,116,1,'2015-01-06 09:16:13','1983-07-01 20:32:53'),(94,16,2,'1985-03-02 16:59:28','2006-07-07 23:39:33'),(95,51,1,'2017-06-12 12:11:44','1971-01-31 06:18:33'),(96,74,2,'1990-02-05 02:38:26','2009-08-01 10:37:07'),(97,150,1,'1996-07-20 06:40:01','2003-07-27 07:14:34'),(98,55,2,'1992-09-27 19:31:00','2018-05-24 02:15:40'),(99,138,1,'2006-04-23 11:41:02','1971-12-15 09:54:01'),(100,17,1,'1973-01-29 05:08:58','1978-02-17 23:52:15'),(101,30,1,'2017-02-21 03:58:36','2011-01-20 08:53:55'),(102,37,2,'2000-08-13 09:14:15','2004-06-20 14:03:53'),(103,54,2,'1988-04-26 16:11:04','1973-06-25 22:16:37'),(104,84,2,'1992-12-12 05:45:26','1982-08-05 22:01:43'),(105,69,1,'1995-10-01 19:29:13','1979-04-15 00:04:40'),(106,35,2,'2011-10-05 09:31:30','2009-08-24 06:30:54'),(107,98,1,'2018-07-02 01:31:07','2008-09-06 23:57:17'),(108,93,1,'1979-03-27 13:05:58','2004-12-23 15:16:21'),(109,112,1,'1978-07-27 05:25:42','1972-07-28 15:37:15'),(110,67,1,'1986-05-31 00:23:48','2000-12-28 16:06:28'),(111,88,2,'1990-08-10 01:36:32','1990-11-12 04:15:56'),(112,100,1,'1995-09-14 05:05:15','1972-08-16 04:00:55'),(113,32,2,'2014-05-21 09:00:16','1997-12-07 09:45:27'),(114,148,1,'1988-02-08 16:59:19','1972-06-15 21:44:08'),(115,134,1,'1971-07-28 12:29:58','1973-06-06 07:06:44'),(116,27,1,'1986-04-09 20:53:43','2019-01-08 16:51:06'),(117,85,2,'1985-12-02 06:31:28','1987-01-04 16:53:59'),(118,60,2,'2005-06-11 17:19:32','1989-01-23 05:10:39'),(119,106,1,'2015-04-07 16:56:30','2005-07-31 14:47:58'),(120,20,1,'1971-03-18 03:56:02','1986-01-08 01:24:09'),(121,147,1,'1976-03-01 16:41:56','2012-03-11 05:04:45'),(122,49,1,'1975-12-20 19:29:02','2005-09-17 07:17:54'),(123,82,2,'1999-03-31 16:15:56','1995-05-23 23:34:21'),(124,65,2,'2016-01-27 16:02:03','2009-02-16 15:36:05'),(125,122,2,'1971-02-01 05:13:06','2015-05-05 07:57:03'),(126,89,1,'1983-01-01 09:43:39','1984-02-28 15:20:17'),(127,50,1,'2005-06-06 02:52:51','2014-07-13 23:31:57'),(128,10,2,'1970-03-29 01:32:46','1988-04-16 11:24:56'),(129,44,1,'2004-12-14 13:49:19','1987-03-30 07:50:22'),(130,109,2,'2019-10-30 01:13:10','1993-02-26 16:07:35'),(131,66,2,'2010-01-09 16:41:58','1981-04-20 14:04:20'),(132,13,1,'2008-03-30 11:02:55','2019-12-02 11:00:06'),(133,140,2,'1998-07-04 05:33:25','2016-09-08 04:11:33'),(134,28,2,'2008-07-02 03:01:48','2014-01-24 12:32:39'),(135,21,2,'1976-12-16 22:11:04','1976-11-29 20:44:44'),(136,105,1,'2010-04-04 11:52:33','2018-08-04 08:35:57'),(137,41,2,'2004-06-11 00:31:38','1999-10-19 10:44:45'),(138,62,2,'2019-03-20 14:18:00','2013-02-13 17:39:19'),(139,48,1,'1982-10-05 17:28:35','1970-03-15 22:22:02'),(140,137,1,'1996-01-24 19:10:58','2018-09-11 03:23:36'),(141,96,1,'1974-08-03 14:44:56','2016-02-01 00:39:26'),(142,72,1,'2019-09-11 14:03:24','1998-10-18 05:13:02'),(143,26,1,'1997-05-23 17:16:31','1988-05-10 18:50:13'),(144,99,1,'2014-11-29 02:25:07','1981-02-20 04:15:01'),(145,124,1,'2019-10-04 17:33:29','2012-01-07 12:12:12'),(146,4,2,'1995-10-22 17:19:03','2006-02-01 04:08:13'),(147,114,1,'1971-03-11 01:16:00','2016-02-10 09:53:31'),(148,139,2,'2005-10-30 13:45:01','1982-02-10 03:51:36'),(149,24,2,'2017-12-19 19:17:50','2018-03-30 14:55:34'),(150,59,1,'2007-03-09 09:37:47','1980-01-18 18:21:12');
/*!40000 ALTER TABLE `friendship` ENABLE KEYS */;
UNLOCK TABLES;

--
-- Table structure for table `friendship_statuses`
--

DROP TABLE IF EXISTS `friendship_statuses`;
/*!40101 SET @saved_cs_client     = @@character_set_client */;
/*!50503 SET character_set_client = utf8mb4 */;
CREATE TABLE `friendship_statuses` (
  `id` int unsigned NOT NULL AUTO_INCREMENT,
  `name` varchar(150) CHARACTER SET utf8 COLLATE utf8_unicode_ci NOT NULL,
  PRIMARY KEY (`id`),
  UNIQUE KEY `name` (`name`)
) ENGINE=InnoDB AUTO_INCREMENT=4 DEFAULT CHARSET=utf8 COLLATE=utf8_unicode_ci;
/*!40101 SET character_set_client = @saved_cs_client */;

--
-- Dumping data for table `friendship_statuses`
--

LOCK TABLES `friendship_statuses` WRITE;
/*!40000 ALTER TABLE `friendship_statuses` DISABLE KEYS */;
INSERT INTO `friendship_statuses` VALUES (2,'Confirmed'),(3,'Rejected'),(1,'Requested');
/*!40000 ALTER TABLE `friendship_statuses` ENABLE KEYS */;
UNLOCK TABLES;

--
-- Table structure for table `media`
--

DROP TABLE IF EXISTS `media`;
/*!40101 SET @saved_cs_client     = @@character_set_client */;
/*!50503 SET character_set_client = utf8mb4 */;
CREATE TABLE `media` (
  `id` int unsigned NOT NULL AUTO_INCREMENT,
  `media_type_id` int unsigned NOT NULL,
  `user_id` int unsigned NOT NULL,
  `filename` varchar(255) CHARACTER SET utf8 COLLATE utf8_unicode_ci NOT NULL,
  `size` int NOT NULL,
  `metadata` json DEFAULT NULL,
  `created_at` datetime DEFAULT CURRENT_TIMESTAMP,
  `updated_at` datetime DEFAULT CURRENT_TIMESTAMP ON UPDATE CURRENT_TIMESTAMP,
  PRIMARY KEY (`id`)
) ENGINE=InnoDB AUTO_INCREMENT=151 DEFAULT CHARSET=utf8 COLLATE=utf8_unicode_ci;
/*!40101 SET character_set_client = @saved_cs_client */;

--
-- Dumping data for table `media`
--

LOCK TABLES `media` WRITE;
/*!40000 ALTER TABLE `media` DISABLE KEYS */;
INSERT INTO `media` VALUES (1,1,30,'https://dropbox/vk/file_38494',38494,'{\"owner\": \"Keshawn Windler\"}','2007-02-12 11:56:34','2020-02-08 04:27:47'),(2,2,148,'https://dropbox/vk/file_1472422',1472422,'{\"owner\": \"Franco Dibbert\"}','2004-02-03 06:55:19','2020-02-08 04:27:47'),(3,3,46,'https://dropbox/vk/file_51615462',51615462,'{\"owner\": \"Dorris Kautzer\"}','1983-02-25 13:45:49','2020-02-08 04:27:47'),(4,3,86,'https://dropbox/vk/file_24',24,'{\"owner\": \"Darlene Prohaska\"}','1970-09-03 18:28:47','2020-02-08 04:27:47'),(5,3,143,'https://dropbox/vk/file_8090857',8090857,'{\"owner\": \"Violet Stanton\"}','1976-08-09 22:08:03','2020-02-08 04:27:47'),(6,3,6,'https://dropbox/vk/file_236',236,'{\"owner\": \"Felipa Cremin\"}','2011-03-15 15:39:03','2020-02-08 04:27:47'),(7,3,49,'https://dropbox/vk/file_40898',40898,'{\"owner\": \"Margret Feest\"}','1999-02-21 12:49:54','2020-02-08 04:27:47'),(8,1,79,'https://dropbox/vk/file_341911',341911,'{\"owner\": \"Modesta Lueilwitz\"}','1985-07-11 06:47:57','2020-02-08 04:27:47'),(9,2,98,'https://dropbox/vk/file_0',0,'{\"owner\": \"Cyrus Jacobs\"}','1972-12-12 15:32:38','2020-02-08 04:27:47'),(10,1,102,'https://dropbox/vk/file_72',72,'{\"owner\": \"Lester Heaney\"}','1995-07-15 11:37:11','2020-02-08 04:27:47'),(11,1,67,'https://dropbox/vk/file_3806873',3806873,'{\"owner\": \"Katrine Wolf\"}','1994-06-04 09:57:28','2020-02-08 04:27:47'),(12,3,27,'https://dropbox/vk/file_9951151',9951151,'{\"owner\": \"Joelle Cronin\"}','1984-03-20 02:22:38','2020-02-08 04:27:47'),(13,1,82,'https://dropbox/vk/file_986',986,'{\"owner\": \"Milford Lebsack\"}','1995-08-22 22:32:50','2020-02-08 04:27:47'),(14,1,29,'https://dropbox/vk/file_0',0,'{\"owner\": \"Davin Braun\"}','2006-04-25 05:28:35','2020-02-08 04:27:47'),(15,1,50,'https://dropbox/vk/file_119012',119012,'{\"owner\": \"Polly Cruickshank\"}','1990-06-22 10:45:38','2020-02-08 04:27:47'),(16,3,12,'https://dropbox/vk/file_979220',979220,'{\"owner\": \"Ulices Koepp\"}','1998-04-21 14:01:42','2020-02-08 04:27:47'),(17,2,58,'https://dropbox/vk/file_50772',50772,'{\"owner\": \"Sabina Erdman\"}','2014-11-08 07:07:20','2020-02-08 04:27:47'),(18,1,103,'https://dropbox/vk/file_7074',7074,'{\"owner\": \"Yolanda Cassin\"}','1992-04-29 10:58:10','2020-02-08 04:27:47'),(19,1,40,'https://dropbox/vk/file_44999728',44999728,'{\"owner\": \"Rudy Zboncak\"}','2015-05-02 13:48:01','2020-02-08 04:27:47'),(20,3,41,'https://dropbox/vk/file_4206',4206,'{\"owner\": \"Kianna Lemke\"}','2005-02-19 12:11:33','2020-02-08 04:27:47'),(21,3,86,'https://dropbox/vk/file_167',167,'{\"owner\": \"Darlene Prohaska\"}','2017-05-11 03:41:31','2020-02-08 04:27:47'),(22,1,6,'https://dropbox/vk/file_970955205',970955205,'{\"owner\": \"Felipa Cremin\"}','1996-07-12 21:21:51','2020-02-08 04:27:47'),(23,2,72,'https://dropbox/vk/file_8',8,'{\"owner\": \"Justine Reilly\"}','1986-10-21 20:26:12','2020-02-08 04:27:47'),(24,3,39,'https://dropbox/vk/file_199',199,'{\"owner\": \"Kaylin Jenkins\"}','1997-10-05 11:29:00','2020-02-08 04:27:47'),(25,1,130,'https://dropbox/vk/file_337123827',337123827,'{\"owner\": \"Electa McGlynn\"}','1998-02-18 17:05:19','2020-02-08 04:27:47'),(26,1,82,'https://dropbox/vk/file_815182617',815182617,'{\"owner\": \"Milford Lebsack\"}','2000-12-15 07:44:08','2020-02-08 04:27:47'),(27,1,20,'https://dropbox/vk/file_0',0,'{\"owner\": \"Else Schmitt\"}','2012-11-15 07:07:23','2020-02-08 04:27:47'),(28,1,1,'https://dropbox/vk/file_47',47,'{\"owner\": \"Georgette Keeling\"}','1993-02-05 02:59:23','2020-02-08 04:27:47'),(29,2,97,'https://dropbox/vk/file_8',8,'{\"owner\": \"Raphaelle Auer\"}','1970-06-28 20:06:13','2020-02-08 04:27:47'),(30,3,33,'https://dropbox/vk/file_15459453',15459453,'{\"owner\": \"Justen Rutherford\"}','2007-12-23 22:49:22','2020-02-08 04:27:47'),(31,2,21,'https://dropbox/vk/file_808477',808477,'{\"owner\": \"Pat Bartell\"}','1991-03-27 15:08:27','2020-02-08 04:27:47'),(32,1,6,'https://dropbox/vk/file_28',28,'{\"owner\": \"Felipa Cremin\"}','1984-11-29 15:03:04','2020-02-08 04:27:47'),(33,3,115,'https://dropbox/vk/file_0',0,'{\"owner\": \"Madilyn Wyman\"}','2009-07-16 05:33:13','2020-02-08 04:27:47'),(34,1,109,'https://dropbox/vk/file_81321509',81321509,'{\"owner\": \"Eddie Borer\"}','2014-01-08 04:12:37','2020-02-08 04:27:47'),(35,2,50,'https://dropbox/vk/file_96887',96887,'{\"owner\": \"Polly Cruickshank\"}','1980-06-05 17:34:17','2020-02-08 04:27:47'),(36,3,72,'https://dropbox/vk/file_0',0,'{\"owner\": \"Justine Reilly\"}','1976-11-24 10:34:40','2020-02-08 04:27:47'),(37,3,61,'https://dropbox/vk/file_165938585',165938585,'{\"owner\": \"Quinten Kub\"}','1997-08-18 09:29:18','2020-02-08 04:27:47'),(38,2,87,'https://dropbox/vk/file_913073',913073,'{\"owner\": \"Gage Dare\"}','2011-10-29 14:53:42','2020-02-08 04:27:47'),(39,1,102,'https://dropbox/vk/file_3703392',3703392,'{\"owner\": \"Lester Heaney\"}','1999-04-09 21:00:34','2020-02-08 04:27:47'),(40,2,99,'https://dropbox/vk/file_53537204',53537204,'{\"owner\": \"Enrico Lueilwitz\"}','1985-08-29 20:33:35','2020-02-08 04:27:47'),(41,2,37,'https://dropbox/vk/file_0',0,'{\"owner\": \"Leon Harris\"}','1991-01-15 15:52:20','2020-02-08 04:27:47'),(42,1,37,'https://dropbox/vk/file_9363878',9363878,'{\"owner\": \"Leon Harris\"}','2004-10-23 07:32:51','2020-02-08 04:27:47'),(43,1,76,'https://dropbox/vk/file_3635',3635,'{\"owner\": \"Elwin Legros\"}','2012-10-05 10:21:16','2020-02-08 04:27:47'),(44,3,116,'https://dropbox/vk/file_14088508',14088508,'{\"owner\": \"Andrew Crist\"}','2012-09-25 23:24:05','2020-02-08 04:27:47'),(45,3,52,'https://dropbox/vk/file_8768831',8768831,'{\"owner\": \"Modesta Mann\"}','1980-07-26 04:48:21','2020-02-08 04:27:47'),(46,3,62,'https://dropbox/vk/file_882',882,'{\"owner\": \"Naomie Kuhic\"}','2003-09-26 22:38:10','2020-02-08 04:27:47'),(47,2,1,'https://dropbox/vk/file_498134',498134,'{\"owner\": \"Georgette Keeling\"}','2013-08-16 15:25:59','2020-02-08 04:27:47'),(48,1,122,'https://dropbox/vk/file_137886902',137886902,'{\"owner\": \"Lesly Gerhold\"}','1998-08-27 08:27:00','2020-02-08 04:27:47'),(49,2,6,'https://dropbox/vk/file_716882',716882,'{\"owner\": \"Felipa Cremin\"}','1977-06-02 04:35:12','2020-02-08 04:27:47'),(50,3,111,'https://dropbox/vk/file_224904',224904,'{\"owner\": \"Noemy Fritsch\"}','2003-01-17 20:41:50','2020-02-08 04:27:47'),(51,2,87,'https://dropbox/vk/file_380493',380493,'{\"owner\": \"Gage Dare\"}','2010-07-09 13:09:06','2020-02-08 04:27:47'),(52,3,102,'https://dropbox/vk/file_304275',304275,'{\"owner\": \"Lester Heaney\"}','1981-11-05 23:56:47','2020-02-08 04:27:47'),(53,1,100,'https://dropbox/vk/file_614029977',614029977,'{\"owner\": \"Deon VonRueden\"}','1976-10-28 03:36:27','2020-02-08 04:27:47'),(54,3,44,'https://dropbox/vk/file_322560',322560,'{\"owner\": \"Naomi Rutherford\"}','2019-10-11 22:46:59','2020-02-08 04:27:47'),(55,1,71,'https://dropbox/vk/file_833',833,'{\"owner\": \"Jackeline Hahn\"}','1999-12-21 23:55:47','2020-02-08 04:27:47'),(56,3,69,'https://dropbox/vk/file_12308',12308,'{\"owner\": \"Marilie Runolfsson\"}','1998-05-27 21:36:03','2020-02-08 04:27:47'),(57,3,132,'https://dropbox/vk/file_1090',1090,'{\"owner\": \"Zella Emmerich\"}','1986-11-06 02:46:22','2020-02-08 04:27:47'),(58,1,4,'https://dropbox/vk/file_35566',35566,'{\"owner\": \"Dayana Toy\"}','2002-07-27 14:19:20','2020-02-08 04:27:47'),(59,3,72,'https://dropbox/vk/file_49326212',49326212,'{\"owner\": \"Justine Reilly\"}','2007-08-04 10:56:11','2020-02-08 04:27:47'),(60,3,48,'https://dropbox/vk/file_1',1,'{\"owner\": \"Grayson Roob\"}','1989-07-26 06:00:17','2020-02-08 04:27:47'),(61,1,26,'https://dropbox/vk/file_9',9,'{\"owner\": \"Nichole Aufderhar\"}','1986-02-05 04:05:33','2020-02-08 04:27:47'),(62,2,132,'https://dropbox/vk/file_16232',16232,'{\"owner\": \"Zella Emmerich\"}','1989-10-10 13:00:02','2020-02-08 04:27:47'),(63,2,132,'https://dropbox/vk/file_487',487,'{\"owner\": \"Zella Emmerich\"}','2017-08-28 08:43:43','2020-02-08 04:27:47'),(64,1,116,'https://dropbox/vk/file_658041715',658041715,'{\"owner\": \"Andrew Crist\"}','1988-12-30 01:05:10','2020-02-08 04:27:47'),(65,3,31,'https://dropbox/vk/file_96050',96050,'{\"owner\": \"Dawn Smith\"}','1970-05-14 02:06:30','2020-02-08 04:27:47'),(66,3,108,'https://dropbox/vk/file_34505',34505,'{\"owner\": \"Paolo Ledner\"}','1972-01-03 08:57:31','2020-02-08 04:27:47'),(67,3,145,'https://dropbox/vk/file_104',104,'{\"owner\": \"Gregory Veum\"}','1980-07-23 22:55:01','2020-02-08 04:27:47'),(68,1,102,'https://dropbox/vk/file_280663',280663,'{\"owner\": \"Lester Heaney\"}','2001-06-18 06:18:48','2020-02-08 04:27:47'),(69,1,72,'https://dropbox/vk/file_24',24,'{\"owner\": \"Justine Reilly\"}','1985-02-24 01:06:13','2020-02-08 04:27:47'),(70,3,57,'https://dropbox/vk/file_955956841',955956841,'{\"owner\": \"Aliya Altenwerth\"}','1986-08-28 15:00:06','2020-02-08 04:27:47'),(71,3,67,'https://dropbox/vk/file_3219552',3219552,'{\"owner\": \"Katrine Wolf\"}','1995-11-18 01:22:13','2020-02-08 04:27:47'),(72,3,13,'https://dropbox/vk/file_0',0,'{\"owner\": \"Treva Greenholt\"}','1986-02-03 14:46:56','2020-02-08 04:27:47'),(73,2,14,'https://dropbox/vk/file_706226',706226,'{\"owner\": \"Sam Kunde\"}','1995-05-09 16:11:48','2020-02-08 04:27:47'),(74,2,29,'https://dropbox/vk/file_32923',32923,'{\"owner\": \"Davin Braun\"}','1977-09-14 15:35:50','2020-02-08 04:27:47'),(75,1,104,'https://dropbox/vk/file_479157',479157,'{\"owner\": \"Ollie Abernathy\"}','2006-03-06 00:16:42','2020-02-08 04:27:47'),(76,2,132,'https://dropbox/vk/file_0',0,'{\"owner\": \"Zella Emmerich\"}','1992-10-01 14:28:14','2020-02-08 04:27:47'),(77,1,49,'https://dropbox/vk/file_293',293,'{\"owner\": \"Margret Feest\"}','1983-03-03 04:03:32','2020-02-08 04:27:47'),(78,2,147,'https://dropbox/vk/file_245777032',245777032,'{\"owner\": \"Elyssa Jaskolski\"}','1994-05-21 18:56:54','2020-02-08 04:27:47'),(79,1,139,'https://dropbox/vk/file_810644',810644,'{\"owner\": \"Nyah Kuvalis\"}','1999-10-16 16:10:34','2020-02-08 04:27:47'),(80,1,102,'https://dropbox/vk/file_0',0,'{\"owner\": \"Lester Heaney\"}','2011-07-22 14:23:50','2020-02-08 04:27:47'),(81,3,94,'https://dropbox/vk/file_9',9,'{\"owner\": \"Patricia Kemmer\"}','2011-07-18 14:25:11','2020-02-08 04:27:47'),(82,1,12,'https://dropbox/vk/file_0',0,'{\"owner\": \"Ulices Koepp\"}','2020-01-03 20:27:57','2020-02-08 04:27:47'),(83,2,79,'https://dropbox/vk/file_61',61,'{\"owner\": \"Modesta Lueilwitz\"}','1996-02-29 07:00:31','2020-02-08 04:27:47'),(84,1,57,'https://dropbox/vk/file_98462',98462,'{\"owner\": \"Aliya Altenwerth\"}','2007-02-05 18:56:50','2020-02-08 04:27:47'),(85,1,47,'https://dropbox/vk/file_5',5,'{\"owner\": \"Daphney Raynor\"}','2009-09-28 15:17:33','2020-02-08 04:27:47'),(86,1,66,'https://dropbox/vk/file_9224592',9224592,'{\"owner\": \"Angus Wuckert\"}','1973-07-30 15:35:43','2020-02-08 04:27:47'),(87,2,36,'https://dropbox/vk/file_226',226,'{\"owner\": \"Opal Nikolaus\"}','1986-11-09 02:39:53','2020-02-08 04:27:47'),(88,3,134,'https://dropbox/vk/file_37995',37995,'{\"owner\": \"Dorian Willms\"}','2002-11-05 08:49:00','2020-02-08 04:27:47'),(89,1,111,'https://dropbox/vk/file_8',8,'{\"owner\": \"Noemy Fritsch\"}','2019-07-21 17:03:16','2020-02-08 04:27:47'),(90,1,3,'https://dropbox/vk/file_3692797',3692797,'{\"owner\": \"Michele Rath\"}','2016-06-29 16:38:51','2020-02-08 04:27:47'),(91,1,130,'https://dropbox/vk/file_6471045',6471045,'{\"owner\": \"Electa McGlynn\"}','1993-05-17 14:58:58','2020-02-08 04:27:47'),(92,3,40,'https://dropbox/vk/file_65137370',65137370,'{\"owner\": \"Rudy Zboncak\"}','2018-12-22 01:50:59','2020-02-08 04:27:47'),(93,1,111,'https://dropbox/vk/file_0',0,'{\"owner\": \"Noemy Fritsch\"}','1976-12-29 09:55:36','2020-02-08 04:27:47'),(94,2,135,'https://dropbox/vk/file_845',845,'{\"owner\": \"Wallace Bernhard\"}','1975-09-03 18:51:34','2020-02-08 04:27:47'),(95,3,42,'https://dropbox/vk/file_4802',4802,'{\"owner\": \"Laurel Shanahan\"}','1997-03-16 17:00:34','2020-02-08 04:27:47'),(96,1,104,'https://dropbox/vk/file_7535615',7535615,'{\"owner\": \"Ollie Abernathy\"}','1972-09-16 07:51:55','2020-02-08 04:27:47'),(97,1,93,'https://dropbox/vk/file_3190907',3190907,'{\"owner\": \"Vincent Brakus\"}','1988-08-03 13:45:28','2020-02-08 04:27:47'),(98,2,1,'https://dropbox/vk/file_8',8,'{\"owner\": \"Georgette Keeling\"}','1992-04-24 11:32:09','2020-02-08 04:27:47'),(99,2,28,'https://dropbox/vk/file_761',761,'{\"owner\": \"Conrad Fahey\"}','1974-08-07 18:41:10','2020-02-08 04:27:47'),(100,1,135,'https://dropbox/vk/file_25',25,'{\"owner\": \"Wallace Bernhard\"}','1996-09-21 06:56:05','2020-02-08 04:27:47'),(101,3,141,'https://dropbox/vk/file_140315854',140315854,'{\"owner\": \"Kylie Kautzer\"}','2005-03-01 19:05:44','2020-02-08 04:27:47'),(102,1,149,'https://dropbox/vk/file_0',0,'{\"owner\": \"Conrad Larson\"}','1999-08-22 22:24:19','2020-02-08 04:27:47'),(103,3,22,'https://dropbox/vk/file_9814104',9814104,'{\"owner\": \"Yessenia Zemlak\"}','2006-12-27 16:47:36','2020-02-08 04:27:47'),(104,3,111,'https://dropbox/vk/file_80429',80429,'{\"owner\": \"Noemy Fritsch\"}','1978-11-08 16:27:44','2020-02-08 04:27:47'),(105,2,41,'https://dropbox/vk/file_576',576,'{\"owner\": \"Kianna Lemke\"}','2019-03-10 16:21:29','2020-02-08 04:27:47'),(106,2,19,'https://dropbox/vk/file_0',0,'{\"owner\": \"Bryana Kuhlman\"}','1972-09-19 08:43:36','2020-02-08 04:27:47'),(107,3,124,'https://dropbox/vk/file_4718',4718,'{\"owner\": \"Rosalia Kassulke\"}','1992-07-18 00:19:48','2020-02-08 04:27:47'),(108,1,110,'https://dropbox/vk/file_853031965',853031965,'{\"owner\": \"Vidal Harris\"}','1976-03-29 06:07:06','2020-02-08 04:27:47'),(109,2,29,'https://dropbox/vk/file_0',0,'{\"owner\": \"Davin Braun\"}','2005-03-08 12:13:50','2020-02-08 04:27:47'),(110,3,114,'https://dropbox/vk/file_6',6,'{\"owner\": \"Maxie Huel\"}','2001-01-24 03:30:10','2020-02-08 04:27:47'),(111,1,32,'https://dropbox/vk/file_88476',88476,'{\"owner\": \"Elroy Robel\"}','2004-12-13 10:54:38','2020-02-08 04:27:47'),(112,3,117,'https://dropbox/vk/file_8',8,'{\"owner\": \"Ulices McClure\"}','2014-10-16 07:19:36','2020-02-08 04:27:47'),(113,2,39,'https://dropbox/vk/file_15706800',15706800,'{\"owner\": \"Kaylin Jenkins\"}','1988-03-30 18:54:45','2020-02-08 04:27:47'),(114,3,143,'https://dropbox/vk/file_9',9,'{\"owner\": \"Violet Stanton\"}','1991-01-05 23:09:35','2020-02-08 04:27:47'),(115,3,147,'https://dropbox/vk/file_42',42,'{\"owner\": \"Elyssa Jaskolski\"}','1982-02-12 21:58:48','2020-02-08 04:27:47'),(116,3,6,'https://dropbox/vk/file_602873',602873,'{\"owner\": \"Felipa Cremin\"}','2015-07-10 12:33:25','2020-02-08 04:27:47'),(117,3,38,'https://dropbox/vk/file_6',6,'{\"owner\": \"Earnestine Jones\"}','2011-07-21 15:19:20','2020-02-08 04:27:47'),(118,3,22,'https://dropbox/vk/file_3928531',3928531,'{\"owner\": \"Yessenia Zemlak\"}','2016-06-11 21:36:19','2020-02-08 04:27:47'),(119,2,145,'https://dropbox/vk/file_542537',542537,'{\"owner\": \"Gregory Veum\"}','2007-08-19 04:44:27','2020-02-08 04:27:47'),(120,2,61,'https://dropbox/vk/file_196231',196231,'{\"owner\": \"Quinten Kub\"}','1991-03-31 00:48:07','2020-02-08 04:27:47'),(121,2,17,'https://dropbox/vk/file_301',301,'{\"owner\": \"Hannah Barton\"}','2012-11-05 04:56:10','2020-02-08 04:27:47'),(122,1,54,'https://dropbox/vk/file_350906',350906,'{\"owner\": \"Bianka Jones\"}','2003-03-13 18:57:34','2020-02-08 04:27:47'),(123,2,67,'https://dropbox/vk/file_7728394',7728394,'{\"owner\": \"Katrine Wolf\"}','2016-06-29 10:42:15','2020-02-08 04:27:47'),(124,3,21,'https://dropbox/vk/file_22',22,'{\"owner\": \"Pat Bartell\"}','1974-10-24 23:40:09','2020-02-08 04:27:47'),(125,2,56,'https://dropbox/vk/file_2934',2934,'{\"owner\": \"Percival Ankunding\"}','1997-04-12 19:25:18','2020-02-08 04:27:47'),(126,2,66,'https://dropbox/vk/file_74',74,'{\"owner\": \"Angus Wuckert\"}','1972-05-25 14:56:29','2020-02-08 04:27:47'),(127,3,13,'https://dropbox/vk/file_938255',938255,'{\"owner\": \"Treva Greenholt\"}','1994-08-13 19:50:39','2020-02-08 04:27:47'),(128,1,14,'https://dropbox/vk/file_0',0,'{\"owner\": \"Sam Kunde\"}','1981-06-16 10:11:14','2020-02-08 04:27:47'),(129,1,30,'https://dropbox/vk/file_0',0,'{\"owner\": \"Keshawn Windler\"}','1995-04-04 16:13:45','2020-02-08 04:27:47'),(130,1,107,'https://dropbox/vk/file_79014',79014,'{\"owner\": \"Micaela Gerlach\"}','2007-05-10 07:30:39','2020-02-08 04:27:47'),(131,1,146,'https://dropbox/vk/file_9860',9860,'{\"owner\": \"Shanny Schmidt\"}','2009-08-02 18:51:22','2020-02-08 04:27:47'),(132,2,107,'https://dropbox/vk/file_672705',672705,'{\"owner\": \"Micaela Gerlach\"}','2010-11-07 11:16:46','2020-02-08 04:27:47'),(133,1,98,'https://dropbox/vk/file_1930889',1930889,'{\"owner\": \"Cyrus Jacobs\"}','1977-05-04 01:01:26','2020-02-08 04:27:47'),(134,3,20,'https://dropbox/vk/file_375804',375804,'{\"owner\": \"Else Schmitt\"}','1982-09-10 10:26:50','2020-02-08 04:27:47'),(135,3,105,'https://dropbox/vk/file_87',87,'{\"owner\": \"Sadie Thiel\"}','2012-04-24 04:21:26','2020-02-08 04:27:47'),(136,1,13,'https://dropbox/vk/file_988325',988325,'{\"owner\": \"Treva Greenholt\"}','2008-04-20 18:53:36','2020-02-08 04:27:47'),(137,3,48,'https://dropbox/vk/file_83785',83785,'{\"owner\": \"Grayson Roob\"}','1970-06-12 19:24:09','2020-02-08 04:27:47'),(138,1,53,'https://dropbox/vk/file_23',23,'{\"owner\": \"Cheyanne Jakubowski\"}','2014-08-10 19:18:59','2020-02-08 04:27:47'),(139,3,121,'https://dropbox/vk/file_825991333',825991333,'{\"owner\": \"Felicia Johns\"}','1978-11-24 23:26:18','2020-02-08 04:27:47'),(140,1,145,'https://dropbox/vk/file_1',1,'{\"owner\": \"Gregory Veum\"}','1987-05-19 13:41:35','2020-02-08 04:27:47'),(141,1,61,'https://dropbox/vk/file_80365961',80365961,'{\"owner\": \"Quinten Kub\"}','1995-12-14 07:55:58','2020-02-08 04:27:47'),(142,1,20,'https://dropbox/vk/file_78655729',78655729,'{\"owner\": \"Else Schmitt\"}','2011-12-06 11:47:56','2020-02-08 04:27:47'),(143,3,66,'https://dropbox/vk/file_6',6,'{\"owner\": \"Angus Wuckert\"}','1980-09-10 18:33:27','2020-02-08 04:27:47'),(144,1,119,'https://dropbox/vk/file_37618',37618,'{\"owner\": \"Walton Sporer\"}','1981-04-28 14:46:17','2020-02-08 04:27:47'),(145,3,98,'https://dropbox/vk/file_0',0,'{\"owner\": \"Cyrus Jacobs\"}','1971-07-19 08:21:48','2020-02-08 04:27:47'),(146,1,130,'https://dropbox/vk/file_4',4,'{\"owner\": \"Electa McGlynn\"}','1995-07-24 09:13:33','2020-02-08 04:27:47'),(147,2,57,'https://dropbox/vk/file_0',0,'{\"owner\": \"Aliya Altenwerth\"}','1996-09-12 04:45:39','2020-02-08 04:27:47'),(148,1,46,'https://dropbox/vk/file_7',7,'{\"owner\": \"Dorris Kautzer\"}','1985-03-24 00:12:46','2020-02-08 04:27:47'),(149,1,57,'https://dropbox/vk/file_670',670,'{\"owner\": \"Aliya Altenwerth\"}','1994-08-01 06:12:23','2020-02-08 04:27:47'),(150,1,146,'https://dropbox/vk/file_6977',6977,'{\"owner\": \"Shanny Schmidt\"}','2014-06-12 02:57:37','2020-02-08 04:27:47');
/*!40000 ALTER TABLE `media` ENABLE KEYS */;
UNLOCK TABLES;

--
-- Table structure for table `media_types`
--

DROP TABLE IF EXISTS `media_types`;
/*!40101 SET @saved_cs_client     = @@character_set_client */;
/*!50503 SET character_set_client = utf8mb4 */;
CREATE TABLE `media_types` (
  `id` int unsigned NOT NULL AUTO_INCREMENT,
  `name` varchar(255) CHARACTER SET utf8 COLLATE utf8_unicode_ci NOT NULL,
  PRIMARY KEY (`id`),
  UNIQUE KEY `name` (`name`)
) ENGINE=InnoDB AUTO_INCREMENT=9 DEFAULT CHARSET=utf8 COLLATE=utf8_unicode_ci;
/*!40101 SET character_set_client = @saved_cs_client */;

--
-- Dumping data for table `media_types`
--

LOCK TABLES `media_types` WRITE;
/*!40000 ALTER TABLE `media_types` DISABLE KEYS */;
INSERT INTO `media_types` VALUES (8,'audio'),(6,'photo'),(7,'video');
/*!40000 ALTER TABLE `media_types` ENABLE KEYS */;
UNLOCK TABLES;

--
-- Table structure for table `messages`
--

DROP TABLE IF EXISTS `messages`;
/*!40101 SET @saved_cs_client     = @@character_set_client */;
/*!50503 SET character_set_client = utf8mb4 */;
CREATE TABLE `messages` (
  `id` int unsigned NOT NULL AUTO_INCREMENT,
  `from_user_id` int unsigned NOT NULL,
  `to_user_id` int unsigned NOT NULL,
  `to_community_id` int unsigned DEFAULT NULL,
  `body` text CHARACTER SET utf8 COLLATE utf8_unicode_ci NOT NULL,
  `is_important` tinyint(1) DEFAULT NULL,
  `is_delivered` tinyint(1) DEFAULT NULL,
  `created_at` datetime DEFAULT CURRENT_TIMESTAMP,
  PRIMARY KEY (`id`)
) ENGINE=InnoDB AUTO_INCREMENT=301 DEFAULT CHARSET=utf8 COLLATE=utf8_unicode_ci;
/*!40101 SET character_set_client = @saved_cs_client */;

--
-- Dumping data for table `messages`
--

LOCK TABLES `messages` WRITE;
/*!40000 ALTER TABLE `messages` DISABLE KEYS */;
INSERT INTO `messages` VALUES (1,145,175,NULL,'Facilis dolorem itaque et rerum est architecto laudantium. Quisquam libero placeat vel temporibus quia in. Assumenda repellendus sed facilis ullam. Omnis eveniet iste assumenda qui.',0,0,'2018-04-20 00:22:32'),(2,140,173,NULL,'Ut rerum voluptatem qui omnis sint quod dicta est. Qui et voluptatem doloremque nihil. Et magni et et aut minima ipsum.',0,0,'2009-06-09 22:46:19'),(3,147,214,NULL,'Quia molestiae consequatur aut maxime quaerat. Quia earum beatae nam voluptas et. Nostrum sit corrupti iste. Eius et dolor pariatur nobis excepturi sit.',0,0,'2011-12-22 20:52:49'),(4,29,103,NULL,'Quo sit odit explicabo aut omnis. Facere mollitia omnis at perspiciatis. Nihil ipsa suscipit in doloribus accusamus aut.',1,1,'1972-11-01 09:53:56'),(5,128,29,NULL,'Qui voluptatem officiis et illum. Dolores pariatur et voluptatem debitis ipsum eum et. Quae commodi esse sapiente odit nulla delectus earum. Ad ut aut aut illo nemo doloribus minus magnam.',1,1,'1979-08-25 12:44:55'),(6,61,217,NULL,'Eius et corporis esse quis et nobis. Ab quam repellendus quia itaque consequatur. Sapiente est sunt et ab quo ad magni. Voluptates deleniti est quos tempore.',0,0,'1972-03-29 11:20:17'),(7,3,262,NULL,'Officiis eligendi velit laudantium repellat. At molestias maxime omnis modi natus laborum eveniet sit. Vitae eum quo veniam.',0,0,'1984-03-14 20:19:03'),(8,103,26,NULL,'Est a maxime odio est sed quia magni. Repudiandae sint ut sed corrupti vitae necessitatibus. In ea vero rerum. Rerum in voluptatem voluptatem eum veritatis perferendis sapiente.',1,0,'1994-09-10 04:27:05'),(9,123,234,NULL,'Rerum nostrum ab dolor laudantium dicta delectus rerum dolores. Ut fuga qui et ea. Aut debitis minima cum est. Ut non a eveniet qui ipsam sit.',1,0,'1987-12-11 08:27:47'),(10,201,2,NULL,'Sunt sapiente corrupti ipsum explicabo. Et perferendis voluptatem et non. Nostrum fugiat perspiciatis ut. Libero quos cum quae aliquid id sint doloremque.',1,0,'1981-06-29 23:41:26'),(11,7,30,NULL,'Dolore enim sed quia aut. Consectetur qui eaque ut. Fugit est dolores voluptas quasi doloribus. Temporibus quibusdam exercitationem eum nihil minus nisi et.',1,0,'2016-04-27 03:51:32'),(12,126,242,NULL,'Adipisci consequatur eaque veniam quaerat eveniet ea. Quia eum cupiditate aperiam hic. Qui soluta et est dignissimos est saepe at.',0,0,'1989-04-21 21:35:01'),(13,231,128,NULL,'Optio quia quaerat dolorem officiis et totam. Dolore et ut illo neque quas. Qui mollitia cupiditate dolor explicabo repudiandae. Velit reiciendis illum officiis illum. Eum quia quibusdam voluptatem blanditiis.',0,1,'2012-07-21 05:21:06'),(14,245,242,NULL,'Labore omnis sit quia minus aut qui. Quos fugit omnis id saepe fugit. Praesentium est nemo ex aut adipisci enim. Corporis rerum distinctio ullam.',0,0,'1996-11-26 21:55:27'),(15,174,144,NULL,'Et expedita voluptates aut aut fuga sit iusto. Est est voluptatem est velit aperiam cupiditate qui. Ipsam nulla quisquam reprehenderit sequi non esse quae numquam.',1,1,'1995-10-17 02:00:05'),(16,199,261,NULL,'In doloribus doloribus illo vero ut cumque qui. Repudiandae sit asperiores alias odio et molestiae eos. Similique maiores accusamus veritatis consequuntur impedit recusandae.',0,0,'1974-11-13 13:46:36'),(17,107,52,NULL,'In ab soluta tempore tempore et nulla asperiores quis. Consequatur veniam consequatur voluptatem eligendi. Voluptatem voluptatum eos qui dicta dolores ut soluta nihil.',1,0,'2015-12-24 10:53:24'),(18,239,136,NULL,'Eum iusto alias deserunt vel saepe iusto. Ut explicabo qui nostrum quas omnis enim iusto molestiae. Est ea odit eos eos. Commodi quos at ipsam cumque magnam eos.',1,1,'1995-10-17 04:29:05'),(19,265,18,NULL,'Velit et ab ea blanditiis voluptas magni quam. Quibusdam sit et qui amet. Deleniti similique rerum iste amet voluptatem expedita. Vitae voluptates aut praesentium corporis veritatis.',0,0,'2003-12-10 15:13:44'),(20,192,6,NULL,'Perspiciatis quia dolores est eveniet. Velit ad facilis accusantium. Odit doloribus hic minima culpa aut. Adipisci molestias deleniti qui earum est soluta et itaque.',1,0,'2009-03-02 16:04:28'),(21,54,250,NULL,'Repellat est minus similique vitae quis. In optio et ut eum repellendus ipsum. Voluptatem tempore a odio facere repellat aliquid. At non molestias saepe quo.',0,0,'1970-04-10 00:19:50'),(22,190,200,NULL,'Dolores dolores et eveniet ullam quidem mollitia. Aut non illum ut magni aut. Sit aut enim porro laborum aperiam nihil. Deserunt eligendi numquam quasi iusto placeat libero.',0,0,'1981-04-23 14:55:05'),(23,128,39,NULL,'Reiciendis est dolor voluptatum aliquam aut. Distinctio explicabo reprehenderit dolore et corrupti. Voluptas molestiae dignissimos earum iure. Nihil officiis rem et dicta voluptas.',1,1,'1980-10-02 12:05:28'),(24,110,134,NULL,'Sit qui nulla consequatur odit et quas optio. Iste natus tempora quo harum. Tenetur aut voluptatem dolorem.',1,1,'1995-05-22 16:27:13'),(25,37,85,NULL,'Est porro non ut suscipit. Ad eius culpa necessitatibus sequi reiciendis recusandae dolore voluptatem. Et dolor voluptate consequuntur eligendi veritatis magnam et. Nostrum est neque saepe quaerat enim nisi.',1,0,'2005-12-09 08:23:13'),(26,11,99,NULL,'Quia tempore est alias natus voluptatem. Ullam maiores dolorem est quasi nostrum natus. Voluptas consequatur modi inventore aut pariatur soluta. Ut non corrupti ex quis.',1,1,'2011-08-14 21:42:06'),(27,162,214,NULL,'Aut reiciendis rerum qui magni. Dolor est dolores aut earum molestiae quo. Dolores est voluptatibus et omnis aut rerum quia. Labore sit vitae molestiae minima praesentium.',1,0,'2000-07-26 00:40:35'),(28,281,165,NULL,'Sint fugiat exercitationem dolores. Debitis quis corporis sed sit totam incidunt consequatur. Repudiandae ipsa quo eos ullam dolorem accusamus est. Id rerum reprehenderit fugiat harum.',1,0,'1974-05-22 09:38:33'),(29,281,11,NULL,'Sed quisquam eos necessitatibus quam saepe ut. Soluta incidunt vel qui. Distinctio dolor dolorum modi suscipit ex et possimus. Nostrum voluptatem et et error.',1,1,'1991-11-29 15:18:44'),(30,111,223,NULL,'Dolorem alias doloribus dignissimos quidem qui earum. Facilis facere quos voluptatem voluptatem nulla est. Voluptatem natus reprehenderit aut voluptatibus rerum porro. Aut error consequatur corporis dolorum sequi qui autem.',1,0,'1977-06-16 13:49:08'),(31,178,223,NULL,'Amet culpa et tenetur quis necessitatibus nam. Harum nulla aliquam beatae atque ut voluptate nulla dolores. Sunt mollitia vel sint eum.',1,1,'2016-02-15 07:42:16'),(32,280,130,NULL,'Minima id inventore molestiae eveniet distinctio. Sint laudantium et fugiat maxime odit nisi velit. Ut explicabo mollitia dolor neque vero voluptates.',0,1,'2004-06-27 14:45:38'),(33,108,149,NULL,'Illum similique omnis est libero enim ut. Dolor facere repellendus error omnis natus sit rem. Placeat tenetur similique non omnis possimus.',0,1,'1993-08-11 13:13:41'),(34,122,161,NULL,'Necessitatibus facere occaecati hic laudantium asperiores qui cumque. Voluptates ipsa aperiam beatae reiciendis animi eum. Rerum error sunt ut minima qui ut facere. Vel quia tempora temporibus eos fugit sunt.',0,1,'1997-09-30 05:18:29'),(35,141,221,NULL,'Hic ipsam enim et exercitationem sit porro laboriosam mollitia. Recusandae deserunt corrupti aperiam sequi aspernatur recusandae. Ut nemo fugit odit voluptates velit dolorem.',1,0,'1989-09-04 23:18:16'),(36,80,36,NULL,'Distinctio voluptatum et quasi ullam molestiae fugiat quae. Sequi corrupti sed et sapiente. Deleniti vel fugiat ut iste non esse.',1,0,'2019-08-22 07:03:50'),(37,240,191,NULL,'Repudiandae saepe qui voluptate ex voluptates rem quae. Omnis quia cum sint modi porro enim. Quia eos consequuntur quia dolorem facere dicta et necessitatibus. Sit unde iste nulla expedita.',1,1,'1992-09-21 11:30:39'),(38,235,3,NULL,'Optio perspiciatis fugiat saepe sunt labore aut. Quas voluptatem neque quae quas totam ut. Sit voluptatem at quas doloremque quia velit. Nemo officia et autem aliquid.',0,1,'1978-05-16 22:48:31'),(39,209,137,NULL,'Ratione provident velit quibusdam et corrupti perspiciatis. Reprehenderit tempora et aut sint aut quas. Enim natus corrupti molestiae fuga fugiat nihil eveniet.',1,1,'2015-10-20 06:18:47'),(40,57,174,NULL,'Excepturi sed unde sunt laboriosam et facere nobis. Minus est unde ut ut enim sit iste.',1,1,'2003-04-20 15:03:43'),(41,96,257,NULL,'Placeat labore molestiae in consequatur sint repellat voluptatem sed. Sint consectetur eius quia veritatis animi hic. Provident optio repudiandae provident voluptatem esse. Non voluptatibus provident quasi.',1,1,'1979-07-05 01:29:34'),(42,99,24,NULL,'Aliquam excepturi molestiae fugiat et reiciendis. Voluptatibus eaque quae excepturi et officia. Expedita voluptatibus fugiat molestiae at maiores omnis omnis. Dolorem non voluptatem corrupti ipsa rerum.',0,0,'2019-05-30 09:25:21'),(43,122,237,NULL,'Quo qui accusantium reprehenderit reiciendis voluptatem molestias voluptas. Dolore omnis aut ut. Et enim ipsam molestiae quam non maiores deleniti ex. Ut amet architecto et nobis sit veritatis.',0,1,'2013-09-05 04:12:15'),(44,217,73,NULL,'Animi libero quidem esse officiis tempore nisi. Quos quaerat corrupti consequuntur nihil natus. Commodi doloremque modi deleniti saepe porro est sint aut.',1,1,'2016-06-06 05:22:16'),(45,15,154,NULL,'Quibusdam iste earum sed qui deserunt. Autem voluptatum ullam sit vel quia sed adipisci eaque. Delectus dolores sed ea dolorum doloribus vitae quia. Similique et eligendi autem possimus.',0,0,'2016-03-06 21:50:57'),(46,124,156,NULL,'Voluptates officia cum et voluptatem maxime provident. Nisi perferendis dolores ut et ea ducimus. Error est voluptas et nihil labore in eos occaecati. Quidem beatae suscipit similique ipsum velit eos.',0,0,'2001-04-16 00:36:48'),(47,111,87,NULL,'Impedit repudiandae enim error error id ipsam in. Aut earum quia repellat debitis sed. Voluptas nihil suscipit consequatur sed in magnam quo necessitatibus.',1,1,'1970-07-28 19:50:35'),(48,98,231,NULL,'Ratione voluptatibus est est similique et. Et debitis voluptatem quia culpa velit mollitia nostrum. Enim nulla et nemo.',0,1,'1986-10-17 01:29:33'),(49,261,12,NULL,'Magni cumque optio fugiat impedit. Sed ad deserunt libero quas harum nobis ea ullam. Numquam quas sit eaque voluptas perspiciatis.',1,1,'2015-08-12 08:45:00'),(50,174,236,NULL,'Velit impedit doloremque error in excepturi deserunt modi. Esse dignissimos sint dolor molestiae fugiat. Modi atque ad aut consectetur autem.',0,0,'1995-10-27 12:18:35'),(51,56,173,10,'Exercitationem nostrum omnis qui officiis voluptates vel voluptatem in. Et repellendus cumque quia. In voluptas est soluta nemo.',0,1,'1995-06-02 19:23:32'),(52,95,257,6,'Eum officiis dolores dignissimos ex non eius. Mollitia et nisi cupiditate in non repellendus omnis. Quidem molestias eos accusamus qui molestias ad excepturi.',0,1,'1985-08-05 12:19:58'),(53,99,22,9,'Consectetur aliquid odit ducimus illo et occaecati ad vel. Quia officia et accusamus adipisci iure iure.',0,1,'2004-11-06 19:15:55'),(54,114,203,6,'Fugiat quae ut laudantium adipisci tempora laudantium commodi. Vitae accusantium laboriosam ad. Voluptas nemo consequatur voluptatum delectus vel sed laudantium. Laudantium ad ut est temporibus aut autem illum. Voluptatem ut aut aliquid.',0,0,'1974-03-19 22:44:20'),(55,73,55,4,'Velit id commodi veritatis non ad et. Nam qui at est nesciunt animi eveniet sequi. Perferendis porro possimus excepturi repudiandae inventore sit et.',0,1,'1991-04-30 03:17:42'),(56,55,108,3,'Maxime necessitatibus qui nam sed voluptatem aliquid repellendus. Id magnam dolor eum aspernatur. Ratione quibusdam sed temporibus et ut nihil sunt. Vel sit tenetur aliquid quaerat.',1,0,'1977-11-07 08:53:52'),(57,75,52,1,'Et consequatur veniam natus enim. Alias qui temporibus autem officia magnam. Dolorem ut aut in. Voluptatem aliquam est inventore blanditiis veritatis voluptates. Eligendi neque sed provident blanditiis blanditiis accusantium.',0,1,'1979-05-16 14:33:44'),(58,33,10,5,'Velit fuga fuga quia. Vero esse temporibus est est enim consequuntur. Adipisci explicabo est nemo et et a non. Similique sunt officiis laborum.',0,1,'2017-10-10 17:11:54'),(59,250,18,3,'Voluptas reprehenderit eos aspernatur voluptas. Ratione repudiandae quibusdam eligendi est aut consectetur quia. Quo veritatis culpa ipsa cum odio maxime. Omnis temporibus ut fuga laborum error velit enim.',0,1,'1996-10-20 19:26:20'),(60,242,255,10,'Qui eum architecto quibusdam consequatur adipisci nulla. Aut voluptates ut ratione similique labore. Iusto quos atque est in quia. Praesentium iure quas hic ab.',0,0,'1988-08-31 15:13:35'),(61,248,177,1,'Quis ut consequatur est soluta. Voluptatem recusandae commodi sunt officiis inventore voluptatem distinctio.',1,1,'2000-12-20 03:34:37'),(62,137,154,6,'Odit possimus ex necessitatibus eos iste. Et neque commodi aut sapiente a. Et alias voluptatum magni non.',0,1,'2000-01-06 23:02:17'),(63,60,138,3,'Dolores voluptas quia nesciunt numquam quod et laboriosam. Qui velit tempore impedit saepe voluptatem. Omnis pariatur quia esse hic beatae distinctio. Minus reprehenderit voluptatem perferendis aut quis eos nostrum.',1,1,'2000-05-09 14:36:48'),(64,210,35,8,'Unde consequuntur dolores id voluptates distinctio harum. Maiores mollitia veritatis dolor eius ea dolorum non. Laboriosam et ullam ad doloremque voluptas.',0,0,'1985-11-19 12:17:41'),(65,142,7,1,'Nemo dignissimos alias facilis et. Nostrum qui deserunt voluptatum veritatis. Voluptas iure ducimus et molestiae.',0,1,'2002-08-30 18:10:34'),(66,208,118,1,'Omnis voluptate voluptas modi porro autem dolore voluptas quas. Dolores nobis numquam et nesciunt. Hic expedita labore et non laudantium. Libero eum autem qui cumque.',1,0,'1975-12-25 03:05:10'),(67,266,75,2,'Velit voluptate a sint et quo. Cumque non sit ipsum natus est velit optio. Quam accusantium laboriosam quaerat animi.',1,0,'1975-04-14 23:22:37'),(68,177,61,6,'Eum et natus accusantium sit fugiat quis sint. Repellat nam accusamus cumque itaque exercitationem sunt.',0,1,'1998-08-07 05:05:20'),(69,71,171,4,'Temporibus ut vero praesentium id ullam. Voluptatem et eos rem facere exercitationem repellat distinctio.',1,1,'2010-06-06 21:21:02'),(70,42,298,NULL,'Dolorem eum omnis rerum. Voluptatem quo saepe nam consectetur est suscipit. Quia omnis sunt distinctio facilis nesciunt minima. Eos et aperiam et laudantium possimus nam sit. Quo illo dignissimos neque.',0,1,'2008-10-22 08:32:13'),(71,164,226,NULL,'Velit reprehenderit eligendi qui nobis perspiciatis. Cum laudantium est ipsa suscipit. Et voluptate eius at repudiandae numquam laboriosam accusamus perspiciatis. Blanditiis dolorem aut ut ipsa cumque quidem. Molestias officia qui quo voluptatem in.',0,0,'2016-05-29 03:46:09'),(72,36,101,NULL,'Consequatur nihil sapiente explicabo quia cumque. Qui illo ut deserunt perspiciatis. Voluptates quo non quidem maiores.',0,0,'2004-12-06 09:23:04'),(73,96,176,NULL,'Qui est suscipit deleniti voluptatem vel et sit. Reiciendis vel et porro laudantium optio magni. Earum dolores voluptatem deleniti.',1,0,'2006-02-16 16:45:21'),(74,291,29,NULL,'Sit quia et officiis id dolorem. Aperiam illum ut porro culpa maiores. Harum dolores temporibus est dolore magni similique iusto. Tempora amet mollitia omnis aut enim harum facere. Quos sed labore molestias doloribus et qui facilis eaque.',0,1,'2006-07-22 23:55:45'),(75,172,170,NULL,'Quia autem autem non eaque cum est et. Et non possimus ipsam sint dolores. Enim ipsa illum ut ut aspernatur velit id suscipit.',1,1,'2013-02-08 04:15:15'),(76,34,259,NULL,'Quae et rerum aliquid provident. Sint qui blanditiis expedita est. Dolorem ut quas esse perspiciatis eaque dolor nesciunt accusantium. Beatae odio nemo quas voluptatem. Voluptatem aperiam ea rerum consequatur reprehenderit libero sint.',1,0,'1984-08-12 11:55:43'),(77,291,80,NULL,'Iste esse modi in ut deserunt eius et. Dolorum architecto dolor perspiciatis quas dolorum consectetur. Consequatur cupiditate tempore facilis consequuntur est.',0,1,'2018-12-27 15:55:37'),(78,125,84,NULL,'Sed aut aliquam minus. Amet nihil non nobis quia. Doloribus atque sint in molestiae enim molestiae. Nesciunt consequatur perferendis deserunt dolores porro iure delectus.',0,1,'2010-06-28 03:46:44'),(79,44,270,NULL,'Expedita nisi autem ullam iste eveniet. Perspiciatis porro ducimus error ea sint quae veritatis. Tempore dignissimos nobis sit nesciunt aut. Corporis quos eligendi at ex.',1,1,'1980-07-16 12:31:48'),(80,15,165,NULL,'Dolores a sit corporis quas dicta id sed facilis. Accusantium voluptatum est fugit voluptas debitis minima sit. Eius occaecati commodi id nobis.',0,0,'1981-07-06 03:03:41'),(81,181,108,NULL,'Sint natus modi sint est totam vel. Porro deserunt magni ipsa quos qui mollitia. Vitae quis laboriosam sit qui ullam autem. Ut dolore et eius inventore.',0,1,'1995-07-07 08:23:47'),(82,297,258,NULL,'Voluptates voluptates est et ratione. Exercitationem rerum qui aut in. Quia doloribus exercitationem culpa nihil. Esse repudiandae exercitationem expedita similique distinctio sint.',0,0,'1987-10-07 13:59:36'),(83,102,34,NULL,'Et molestias aliquid quae nobis mollitia ullam aspernatur. Quo sit perspiciatis ut molestiae a. Qui eius voluptatem excepturi occaecati id impedit blanditiis et. Dolor quia maiores similique minus. Dignissimos rem dicta distinctio nobis porro et aliquam rerum.',0,0,'1996-05-05 04:31:50'),(84,165,120,NULL,'Consectetur earum ab minus optio. Dolore necessitatibus culpa id minus. Consequatur provident eaque qui incidunt. Quia necessitatibus eos aliquam.',1,0,'1996-04-20 00:41:26'),(85,105,166,NULL,'Ullam occaecati in at ut nemo quaerat facere inventore. Molestiae qui maxime est qui provident. Ut quis laudantium minima rem tempora possimus. Qui distinctio doloremque et accusantium. Libero velit laudantium dolores autem.',1,0,'1976-10-22 18:21:07'),(86,215,277,NULL,'Ullam quaerat est et labore velit. Corporis ad ipsam autem earum ut voluptatem. Sed illo delectus omnis. Ex recusandae necessitatibus est aspernatur quisquam.',1,1,'1982-03-27 09:59:27'),(87,138,157,NULL,'Doloribus tempore alias consequuntur dolores culpa sapiente cumque. Neque voluptatum voluptatem dolorum iste. Corrupti culpa quia ad iure sequi. Id repellendus culpa et quo sit rerum.',0,1,'1993-10-24 00:51:31'),(88,74,196,NULL,'Tempora esse ducimus dolor id quibusdam quisquam vitae. Velit facere consequatur non cupiditate voluptatum a. Error eius et et.',1,1,'2015-07-26 13:47:18'),(89,160,210,NULL,'Explicabo eos a commodi beatae provident quae ea. Debitis officiis qui alias harum vero quo quis. Ipsam dolor at consequatur sunt eligendi quos. Dicta id aut deserunt quas nisi sint officiis.',1,1,'1997-05-12 04:27:44'),(90,271,125,NULL,'Nisi ullam est in libero. Molestiae unde reprehenderit officia non. Nesciunt ea et ipsum maiores eos reprehenderit ullam ipsam. Rerum accusantium molestias dignissimos ut molestias aut.',1,1,'2018-05-31 15:40:41'),(91,112,181,NULL,'Iure aut molestiae molestiae repudiandae quae debitis molestias. Et eum ea neque sed in dolor perferendis sequi. Aut aliquid tenetur quia ratione pariatur dicta atque.',0,1,'2003-06-23 07:26:14'),(92,272,214,NULL,'Eos laudantium iusto dicta molestias deleniti pariatur quod. Et eum dolorem officiis voluptas facere id. Incidunt quam et assumenda perspiciatis aut.',1,0,'1981-01-08 00:43:26'),(93,253,25,NULL,'Nisi repudiandae cupiditate est dicta. Recusandae quia sequi facilis in. A eveniet quisquam magnam sed molestias vitae. Neque ratione recusandae ut nemo.',0,0,'2000-11-18 18:44:34'),(94,262,38,NULL,'Quo est id aut. Nemo nobis vel dolor temporibus autem qui fugiat praesentium. Nulla voluptas iure non quia. Ex numquam recusandae dolorum.',1,0,'1976-10-08 12:33:05'),(95,1,192,NULL,'Voluptates est dolorem aut. Rem aut nihil autem eligendi a dolore iusto sunt. Dolor rem laudantium et tenetur vitae.',1,1,'2011-08-30 17:48:11'),(96,57,9,NULL,'Nihil debitis at culpa eum mollitia sed omnis. Illo perferendis consequuntur voluptatem rerum est aliquam qui. Distinctio veritatis dolor sed quis accusantium dicta qui ipsa.',1,0,'2015-08-16 10:04:25'),(97,174,242,NULL,'Dolores omnis debitis id numquam minima rerum dicta. Voluptatum accusamus provident facilis excepturi ea. Saepe repellat omnis optio expedita qui.',0,0,'2012-10-13 14:57:02'),(98,88,15,NULL,'Ab ut sed vel impedit quo voluptas commodi. Qui delectus laborum qui autem recusandae sed praesentium exercitationem. Amet quibusdam possimus molestiae vel et eaque molestiae.',0,0,'1996-06-02 00:58:17'),(99,107,193,NULL,'Perferendis repellendus est quos minus ut pariatur. In voluptate repellendus nobis repudiandae. Nobis ratione asperiores pariatur sit. Incidunt totam qui consequatur.',0,0,'1993-10-27 03:34:53'),(100,42,229,NULL,'Reprehenderit quis vero consequatur similique. Aut accusamus nostrum magni molestias. Repellat pariatur rerum non provident.',1,1,'1996-02-20 18:07:06'),(101,119,207,NULL,'Necessitatibus quasi maxime dignissimos repudiandae. Consequatur distinctio ullam ut reiciendis ut omnis sed maxime.',1,0,'2012-11-19 09:12:03'),(102,76,61,NULL,'Itaque velit magni blanditiis alias. Ut iste dolores iusto. Laudantium voluptatem voluptatem eius sint rerum.',1,1,'1982-10-10 21:15:48'),(103,77,202,NULL,'Odio magni repudiandae a reprehenderit. Necessitatibus iure voluptatibus autem praesentium temporibus ut harum est. Temporibus qui sed nisi voluptas. Vitae quo delectus eaque.',1,0,'1989-05-19 01:30:03'),(104,178,282,NULL,'Et vitae ipsa vel facilis quasi consequuntur rerum. Debitis pariatur dolores ipsam dolorem voluptatum mollitia. Voluptatibus fuga temporibus fugit quaerat voluptatem id.',1,0,'1977-03-18 10:05:49'),(105,278,244,NULL,'Occaecati sit aut consequatur nihil omnis consequuntur labore. Voluptatum sapiente aliquid suscipit quidem exercitationem est. Excepturi harum qui qui quo nesciunt quia aut quasi.',1,1,'2003-07-12 14:20:29'),(106,85,293,NULL,'Qui amet dolores dicta qui soluta quia sed. Deleniti qui voluptas natus voluptate consequuntur. Hic ad ut libero a id mollitia vel. Aliquam et minima inventore vel beatae maiores.',1,0,'1986-04-18 02:47:17'),(107,10,69,NULL,'Quidem consequatur dolorum eum nihil suscipit quam quod ipsum. Molestiae quae enim voluptatem dolor et suscipit aut. Aspernatur adipisci officia iure velit adipisci voluptatibus illum. Quibusdam sed dolorum vel maiores maxime.',0,1,'1974-11-08 18:06:22'),(108,16,173,NULL,'Dolore fuga nesciunt quaerat mollitia et vel vel. Est quis quidem voluptatem dolorem ad sunt voluptates. Cum error dolor eveniet consectetur. At est voluptatem et voluptas delectus.',1,1,'2002-11-22 23:20:33'),(109,216,260,NULL,'Placeat inventore nobis ab ipsa. Maxime possimus ut rerum accusantium. Saepe in dolorem dicta sit.',1,1,'2017-08-28 08:49:26'),(110,54,87,NULL,'Mollitia ipsa recusandae excepturi unde provident officiis est. Voluptas deleniti sed dicta nam aspernatur. Consequatur eos vero animi alias.',1,1,'1990-07-04 00:38:05'),(111,272,197,NULL,'Inventore quo fugiat ut autem. Praesentium et qui natus veniam. Et eos id consectetur at officia quia et. Ipsa consequatur reiciendis consequuntur ut qui temporibus.',1,0,'1988-10-21 16:12:00'),(112,171,264,NULL,'Cum aut dolore eveniet recusandae ut ab rem. Tempore explicabo ab vitae fuga molestias fugit sit. At sint voluptate nulla nostrum. Qui quo ipsam a ipsum nam.',0,0,'1984-02-06 20:55:28'),(113,207,240,NULL,'Molestiae nemo itaque optio. Officia minus consequatur maiores ut incidunt. Doloribus aliquam autem soluta qui voluptas autem molestias. Ut inventore consequatur iste veniam repellat.',1,0,'1988-11-09 16:24:28'),(114,280,78,NULL,'Inventore quo natus commodi consequatur cum voluptatibus fugit. Laborum sit possimus est et. Maxime mollitia et praesentium suscipit explicabo sunt.',0,1,'2013-05-02 23:57:35'),(115,152,225,NULL,'Blanditiis laborum voluptas rerum sunt voluptates porro. Non et rerum perferendis distinctio tempore. Praesentium quas rerum minima voluptas sit perspiciatis.',1,1,'2008-12-26 09:57:31'),(116,68,265,NULL,'Earum quo illo sit. Ab a eos ut vero rerum quia placeat. Nam quia qui nostrum corrupti.',1,1,'2013-06-10 17:34:35'),(117,219,300,NULL,'Et quidem consequatur consequatur qui. Enim laborum neque veritatis rerum consequatur sequi deleniti. Iste quos ut quaerat exercitationem. Praesentium ipsam dolores corrupti magni quod reiciendis et.',0,1,'2012-12-20 16:49:26'),(118,243,16,NULL,'Quia adipisci qui aut corrupti odio modi voluptatem. Placeat deserunt eum voluptate molestiae sequi qui dolor quia. Neque tempora deleniti qui amet deleniti laborum eligendi. Ab consequatur aut placeat.',1,1,'2007-03-03 23:06:27'),(119,250,299,NULL,'Necessitatibus ducimus quasi autem consequatur molestias nisi voluptates. Deleniti ducimus beatae ea sed consequatur. Non voluptatem possimus vel ut. Eum consequatur eligendi quia similique et. Laboriosam iure officiis quae qui.',0,0,'1974-08-30 10:32:34'),(120,145,130,NULL,'Quia qui quas error expedita. Et sed earum et doloremque commodi. Incidunt sed quia iste velit excepturi necessitatibus.',0,0,'1974-08-31 00:40:03'),(121,214,78,NULL,'Ipsa vitae deleniti et quod quisquam ipsa rerum. Ipsum voluptate ullam aut minus quis corrupti optio et. Ea impedit enim voluptatem cupiditate culpa provident.',1,1,'1998-06-16 02:58:37'),(122,49,8,NULL,'Sunt et quia qui expedita aut unde consequatur. Ea autem et in ut. Est sit error ab consequatur dolores tempore suscipit. Minima repellat qui vitae.',1,0,'2001-07-21 11:00:31'),(123,196,53,NULL,'Illo vel corporis aliquam libero molestias. Inventore possimus perferendis ut delectus fugit ipsam. Quo veniam sunt dignissimos animi sit.',0,1,'2014-06-24 21:28:31'),(124,277,25,NULL,'Natus cupiditate voluptatum eius quo occaecati dolorem beatae. Velit magni aut omnis quasi magni. Vel nisi cumque in.',0,0,'1985-02-24 00:56:04'),(125,192,287,NULL,'Fugit aperiam magni quis numquam. Sed corrupti et et illum omnis laborum tempore. Quisquam ratione exercitationem et corporis et sunt. Deleniti hic iusto voluptas possimus voluptatem magnam quod illo.',1,0,'1989-04-11 14:29:03'),(126,256,122,NULL,'Ipsa a et officia. Ut expedita asperiores excepturi id at magnam. Sint repellendus rem aliquid quos mollitia voluptas. Qui assumenda quasi officia. Ut tempore nesciunt ab dicta tempore et modi.',1,1,'1991-06-14 14:25:13'),(127,139,27,NULL,'Accusantium quam ad dolores incidunt fuga iusto suscipit dolore. Est aut quaerat rerum. Iure et culpa excepturi aperiam ipsa aut. Assumenda quia ullam enim quia architecto voluptas sed.',0,0,'1989-10-13 13:52:33'),(128,19,14,NULL,'In porro cumque eum voluptas ea minus beatae non. Quos accusantium voluptates eius non. Ut vero sint quidem dignissimos recusandae qui culpa id. Repellendus aliquid iusto error optio delectus eum.',0,0,'1975-04-17 19:29:17'),(129,12,18,NULL,'Eveniet veniam impedit ratione consectetur nemo repellat. Alias placeat vel possimus laborum facilis ut quis. Libero nemo numquam aut eaque molestiae veniam. Veniam et qui ea accusantium sit ab.',0,0,'1972-03-29 23:34:14'),(130,51,203,NULL,'Consequatur sed autem voluptates nisi. Qui amet quibusdam dolorem quis qui. Et necessitatibus sed animi impedit inventore necessitatibus.',1,0,'2007-07-11 13:45:14'),(131,262,100,NULL,'Similique soluta numquam sit occaecati et est cumque. Est architecto debitis voluptas optio saepe. Consequatur pariatur id sed doloremque. Laborum deserunt in qui.',1,1,'1984-01-26 04:45:48'),(132,13,64,NULL,'Dicta atque sunt illo vel qui illo facere. Eum ipsam fuga hic non. Reprehenderit occaecati voluptas atque aut facere. Error et occaecati at.',1,1,'1982-04-27 10:55:49'),(133,281,15,NULL,'Vel harum cumque quasi quae. Facere nisi libero deserunt vitae qui. Repudiandae sit nam incidunt at quaerat. Autem esse et laborum provident eum quia.',0,0,'2004-10-17 19:24:54'),(134,128,296,NULL,'A eos quaerat fugiat aut laboriosam. Nam nam quaerat natus quaerat voluptas veritatis. Similique dolorem assumenda eius assumenda. Quos eius sapiente consequatur laudantium.',1,0,'2000-04-07 14:45:46'),(135,196,90,NULL,'Est debitis dolores suscipit. Assumenda itaque blanditiis et asperiores non suscipit. Aperiam aut officiis itaque voluptatem qui sint officia qui. Voluptas minima et perspiciatis et aut quidem.',1,0,'1995-08-20 22:40:02'),(136,164,248,NULL,'Nesciunt nihil autem molestias eaque saepe illum. Est commodi fugit praesentium qui sed veritatis hic. Voluptatum in fugiat in. Vero provident sequi eveniet explicabo.',0,0,'1984-11-28 00:25:04'),(137,147,292,NULL,'Expedita perferendis molestiae porro laborum soluta. Enim et aut quo. Quaerat minima aliquid doloremque odio.',1,0,'1976-07-17 08:48:43'),(138,116,5,NULL,'Corporis qui inventore iusto et voluptas accusamus vel consequuntur. Sit ipsam eum odit provident. Ut asperiores esse beatae. Libero aut deleniti quam tempore omnis. Earum rerum blanditiis aperiam et enim omnis.',0,1,'1977-06-23 00:15:26'),(139,277,170,NULL,'Accusamus nihil fugit perferendis beatae enim at. Suscipit voluptatem corrupti ut. Architecto nihil ut dolorum aliquid.',0,1,'2005-04-22 04:09:21'),(140,20,188,NULL,'Perspiciatis facilis vel velit ab corrupti voluptates. Quo sed ea libero nobis sed quis.',0,1,'1985-07-06 16:54:57'),(141,278,226,NULL,'Ea sunt est accusamus. Earum vel animi molestiae quisquam.',0,0,'1979-12-06 22:12:47'),(142,295,199,NULL,'Voluptatum illo suscipit et. Qui praesentium ex rerum minus sunt. Quis repellat consequatur distinctio maiores. Expedita neque corporis vel cum voluptas nulla esse.',1,0,'1995-01-30 23:06:03'),(143,108,244,NULL,'Et ullam maxime aut nihil in dicta. Necessitatibus placeat necessitatibus ex minima ex eum at. Aut enim soluta eos vitae incidunt illum a. Ullam numquam dolor est quia sunt quos autem.',0,1,'1991-08-12 13:59:43'),(144,293,135,NULL,'Accusamus sit sed dolor. Laboriosam alias quos libero molestias ipsum voluptatem voluptatibus. Consectetur aut optio sit ut. Ut assumenda et rerum voluptates.',0,1,'1974-09-13 18:37:58'),(145,95,70,NULL,'Ratione dolores illo nihil quia. Veniam enim iste neque aut autem. Atque numquam quaerat nostrum et nisi voluptatibus. Dolorem qui id et. Iure nesciunt omnis et numquam commodi.',0,1,'2012-08-17 11:30:57'),(146,63,105,NULL,'Praesentium tempora consequatur nobis architecto fugiat consequatur magni. Earum laboriosam aut enim occaecati incidunt assumenda. Recusandae delectus animi veritatis.',1,1,'1970-06-11 20:50:32'),(147,36,162,NULL,'Corporis ratione id modi odit quaerat similique. Maiores est nostrum recusandae rerum quidem. Nihil recusandae voluptatibus harum modi.',1,0,'1989-09-20 08:25:48'),(148,105,37,NULL,'Aut possimus totam distinctio iusto. Ducimus molestiae voluptatum laboriosam libero sit ducimus. Est delectus odit consectetur.',1,0,'1970-05-29 03:21:25'),(149,168,129,NULL,'Ea et autem necessitatibus suscipit numquam molestias voluptas. Cupiditate velit vero ea vel. Veritatis rem omnis et natus cum quia qui impedit. Ipsa dolore suscipit sed aut numquam eos.',1,1,'2007-06-29 05:07:12'),(150,140,13,NULL,'Aut blanditiis excepturi incidunt animi. Magnam aut magni eligendi et. Ducimus enim perspiciatis beatae consequatur totam. Tempora modi eos molestias laudantium voluptas qui dolorum.',1,1,'2017-06-12 16:41:48'),(151,245,285,NULL,'Consectetur qui labore hic aut occaecati dignissimos quia et. Magni nihil et magnam repellat voluptas pariatur facere voluptates. Aut eos et praesentium cum nostrum ipsam et. Sint rerum beatae rerum ut dolores et.',1,1,'2018-02-27 23:47:35'),(152,88,185,NULL,'Nemo vitae vitae exercitationem facilis. Ut ad delectus nesciunt labore enim deleniti corporis excepturi. Dolorem reiciendis saepe quaerat velit placeat.',0,0,'2000-08-11 22:50:12'),(153,61,50,NULL,'Rerum eveniet tempora quo sapiente ipsum. Rerum nihil velit nesciunt aut fugiat. Ut possimus totam cum reiciendis dolorem ut nisi. Accusamus itaque labore inventore debitis sit rerum.',1,1,'1983-10-24 08:59:08'),(154,66,178,NULL,'Ut at soluta tempora expedita vel. Ipsa at libero consectetur explicabo. Et et non ut pariatur aut tempore rerum.',1,0,'2005-02-17 18:09:44'),(155,91,221,NULL,'Culpa excepturi dolorum qui omnis nihil impedit. Labore mollitia qui qui voluptatibus omnis voluptatem tempora. Sed amet iste temporibus occaecati dolores numquam maiores.',1,1,'2018-06-14 02:58:13'),(156,232,196,NULL,'Similique iure ratione ut labore est. Sed et ea eos enim.',0,1,'1998-04-15 15:53:29'),(157,283,228,NULL,'Placeat eius veritatis consectetur hic alias deleniti maxime. Eum voluptatem expedita dolores inventore. Eum aut enim praesentium velit. Aliquam et aliquam assumenda id officiis labore sit.',1,1,'2004-01-29 12:51:19'),(158,292,173,NULL,'In quo vero consectetur et. Maxime occaecati voluptas voluptatem. Similique ut corrupti voluptatem impedit sit.',1,0,'1971-02-26 20:41:44'),(159,287,19,NULL,'Quia expedita corrupti est quod adipisci facilis ad. Dolor quo et ut. Ex illo beatae quisquam et et quidem. Autem voluptas veniam unde odio sequi et.',1,1,'1978-03-15 16:27:29'),(160,132,4,NULL,'Qui atque consectetur possimus id fuga fugiat est. Quia alias at corporis occaecati perferendis eius. Dolorum aliquid eum qui nemo tempora.',0,1,'1988-10-03 13:42:00'),(161,221,196,NULL,'Reiciendis quaerat dolorem ipsum sunt qui. Voluptatem tempora qui id. Blanditiis debitis sed quidem non ea. Sed saepe in maxime esse neque.',1,0,'1980-11-27 12:27:13'),(162,13,78,NULL,'Ab at alias quaerat soluta qui aut autem. Sunt quasi voluptates hic occaecati itaque. Facere natus rerum saepe architecto fugiat deleniti aspernatur. At ipsum rerum esse occaecati rerum voluptatibus.',1,0,'1996-09-14 15:01:37'),(163,48,8,NULL,'Eum ut dignissimos et sint. Dolorem consequatur autem nam animi. Quo ipsam necessitatibus neque natus consequuntur.',0,1,'1971-01-06 03:17:13'),(164,197,58,NULL,'Culpa aspernatur excepturi cupiditate itaque. Voluptatem rerum sint deserunt temporibus et sit fugit ea. Asperiores magnam velit iusto sequi sunt. Dolores fugiat vel unde repellat consequatur.',1,0,'2009-08-18 22:11:20'),(165,1,128,NULL,'Enim ullam aut iste ea ut magnam laboriosam. Ad sit repellendus repellendus quam suscipit quam. Praesentium autem occaecati voluptas corporis alias sed. Provident quis sit officia voluptatem.',0,0,'2015-08-28 09:42:30'),(166,39,108,NULL,'Dolor reprehenderit aut rerum doloribus nihil dolores molestiae. Minima accusantium excepturi libero voluptates mollitia magnam illo. Cum ut quidem pariatur vel fugiat nobis soluta. Earum deserunt quia vitae corporis aliquam.',0,1,'2000-09-12 12:42:08'),(167,124,294,NULL,'Minus officia ut quaerat necessitatibus sint enim distinctio. Alias voluptatem explicabo possimus. Cupiditate et et aut ducimus dolorum nostrum iusto sint.',1,0,'1988-10-17 09:34:29'),(168,199,114,NULL,'Consequuntur harum quod beatae error deserunt. Sequi consequatur aut eligendi nemo natus eaque veniam ea. Ut in ut cumque maiores et neque dolorem quo. Dolor error placeat commodi quidem.',0,1,'1997-07-16 00:01:14'),(169,270,107,NULL,'Vitae aliquam commodi nihil mollitia doloremque unde. Rerum voluptatum eos illum aut facere. Exercitationem et ut aut numquam distinctio tenetur dolor. Natus beatae sint officia laboriosam quia amet et qui.',0,1,'2000-02-24 22:34:05'),(170,24,101,NULL,'Cum consequatur labore possimus nam magni. Quas unde laudantium incidunt est ex.',0,0,'1987-04-05 07:30:47'),(171,130,47,NULL,'Est blanditiis vitae et omnis reprehenderit officiis necessitatibus. Dolorum doloribus dignissimos soluta rerum impedit quis. Quo illum qui recusandae omnis asperiores. Voluptatibus consequuntur dignissimos molestiae vero non.',0,0,'2000-11-29 05:24:46'),(172,146,289,NULL,'Temporibus et nisi laborum laboriosam. Animi consequatur dolores debitis dolores asperiores. Facere non commodi magnam repellat aut suscipit esse.',0,1,'1981-12-22 15:39:46'),(173,108,269,NULL,'Asperiores quia ratione animi possimus rem voluptates excepturi. Et voluptatem nisi totam. Necessitatibus reiciendis vitae ullam occaecati et deleniti. Quidem nihil consectetur iste et similique qui et.',1,1,'2009-05-30 07:26:46'),(174,123,107,NULL,'Possimus ab velit ipsam sed illum dolor eligendi. Asperiores vel quaerat autem doloremque quia eum. Laborum minus aspernatur sint non praesentium repellat.',1,0,'1992-11-26 07:10:32'),(175,164,200,NULL,'Ullam et error voluptates. Odit quae eaque neque voluptas. Quisquam unde unde a quasi ut.',1,0,'2009-07-23 23:43:09'),(176,206,130,NULL,'Voluptatem in et quasi dignissimos. Nihil laboriosam mollitia perspiciatis voluptas quod aut. Ut consectetur incidunt debitis eum nisi architecto laudantium. Et aut fugit porro enim.',1,1,'2014-06-05 13:21:08'),(177,33,71,NULL,'Et nihil velit aperiam eum id. A ipsum earum veniam fugit expedita. Voluptatem illum eius incidunt est sunt nisi.',1,0,'2019-10-08 00:16:42'),(178,259,181,NULL,'Qui quaerat libero iste. Ratione aut voluptatem quas nemo a sint qui laudantium. Dolor dolores quod corrupti illum ea atque.',1,1,'2001-08-25 17:45:11'),(179,128,95,NULL,'Perferendis vitae sit aliquam neque et eum quod. Culpa aut aut magni animi iste qui. Impedit sed optio corrupti sapiente vitae.',0,0,'2008-01-27 16:10:15'),(180,91,169,NULL,'Ipsam ut aut et ea maiores neque. Nesciunt eum officiis et quis recusandae debitis quis. Et eligendi quo dolorum et. Similique tenetur quaerat alias voluptas adipisci.',0,1,'1975-05-29 12:22:30'),(181,270,244,NULL,'Et perspiciatis assumenda id. Aperiam non perspiciatis magni eos. Unde et sed dolores.',0,0,'1996-05-22 05:53:47'),(182,109,111,NULL,'Aut error perferendis et eum. Necessitatibus ea aut architecto itaque dignissimos labore recusandae quo. Qui qui praesentium error et vitae.',1,0,'1979-04-08 04:55:07'),(183,229,213,NULL,'Tenetur natus nisi non. Quia qui sed rem itaque quis. Assumenda voluptate maiores fugiat ex alias et et.',1,0,'1991-02-20 21:57:09'),(184,75,37,NULL,'Ut repellat dolores id. Similique et explicabo voluptas dolore expedita aut impedit. Qui voluptas cumque ducimus. Possimus voluptates quam aspernatur omnis nihil nostrum.',0,1,'1986-09-26 16:39:39'),(185,261,291,NULL,'Velit est aperiam in. Ut consectetur sed aut. Ut excepturi sed placeat. Molestiae voluptatem unde nisi dolorem dolorum iste ex alias. Et et odio suscipit placeat exercitationem voluptatibus.',1,1,'1970-08-12 09:00:22'),(186,73,91,NULL,'Repudiandae sit nihil inventore aperiam expedita rem. Qui provident maxime aut libero reprehenderit atque error vitae. Dolorem vitae explicabo vero maiores illo perferendis ea sed.',0,1,'1971-02-02 18:43:11'),(187,234,299,NULL,'Modi iusto sit rerum neque ipsum repellat vel. Et culpa a fuga voluptate qui voluptas.',0,0,'1986-06-06 04:57:08'),(188,192,64,NULL,'Fugit rerum dolorem exercitationem. Cumque dolore odio reprehenderit.',0,1,'2009-11-28 11:36:46'),(189,42,16,NULL,'Tenetur facere quam voluptas quasi. Architecto quo fugit et rerum. Qui voluptas temporibus itaque ad expedita expedita alias.',0,0,'2014-03-09 02:28:18'),(190,257,34,NULL,'Odio delectus eligendi animi vitae. Ut velit nisi molestias cumque sapiente iure nihil fuga. Ab fugit aut illum ut. Earum repellat neque magni aut.',1,0,'1994-05-01 02:51:55'),(191,298,190,NULL,'Iusto sint eveniet aperiam sunt quam impedit. Amet sit rerum consequuntur quidem quo error dolorem. Tenetur molestiae id illum quo eveniet modi et.',1,0,'1991-05-30 02:13:08'),(192,53,297,NULL,'Ab vel vel eius sunt qui qui. Veritatis harum aut quis et aspernatur. Quidem officiis qui aut. Et dolore inventore voluptas animi sint.',1,1,'1984-10-01 11:32:48'),(193,125,33,NULL,'Consequatur rem quidem aut dolorum sint culpa. Nulla aut quam voluptas sapiente architecto aliquam.',0,1,'1994-03-12 14:58:27'),(194,90,49,NULL,'Sit nobis sit tempora natus. Odit repellendus corrupti ad et facilis. Quia nemo et est error id ipsam sint minima. Ut minima consequatur atque quaerat autem quis officiis.',1,1,'2005-12-27 16:28:53'),(195,276,32,NULL,'Natus quam minus quia ut rerum nihil. Aut rerum quas ut consequatur. Modi et cum rerum in ut est esse. Aspernatur eos ut delectus et eum.',1,0,'1976-03-29 13:52:46'),(196,232,163,NULL,'Modi dolores voluptatem est minima pariatur dicta. Eaque occaecati sequi quo. Ea provident ut iure cumque et.',0,1,'1970-02-08 15:08:06'),(197,119,104,NULL,'Blanditiis qui aspernatur libero nisi. Doloribus saepe ab quia impedit reiciendis aut laudantium. Aliquid eligendi ullam sit vitae iure voluptatem.',0,1,'2010-11-30 07:12:01'),(198,162,197,NULL,'Quia iusto nihil voluptatem voluptatem in perferendis. Qui dolorum ipsum quidem veniam. Rerum voluptas cum consequatur voluptatibus quasi.',1,1,'1982-08-17 13:55:51'),(199,201,114,NULL,'Voluptatem non nemo harum quae necessitatibus. Quo nihil illum omnis ut blanditiis. Ea sit sint neque ut velit consectetur.',1,1,'2000-01-02 13:59:05'),(200,265,81,NULL,'Laudantium illum itaque quisquam non sequi ipsa laborum neque. Pariatur aut molestiae ipsa sed animi in dolores. Earum dolor in vitae cumque natus ducimus. Quis explicabo vel itaque doloribus assumenda provident eius quia.',1,0,'1985-09-13 19:50:40'),(201,212,214,NULL,'Eligendi consequuntur qui eum repellendus tempore blanditiis. Non at nisi deleniti quia et facilis quisquam. Ut molestiae aliquam amet alias.',0,1,'1990-12-29 02:22:48'),(202,136,35,NULL,'Libero nostrum voluptatem assumenda neque aliquid vitae aut. Est reiciendis aperiam est rem recusandae. Ea qui et sint explicabo quae inventore optio. Quam sit sit fugiat rerum voluptas tempora.',0,0,'1984-04-22 12:51:49'),(203,68,234,NULL,'Ea eius aut qui ut molestiae. Iusto fugiat itaque quia dolores non optio. Veniam quos illo ut et ex consequatur molestiae corporis.',1,1,'1970-01-31 20:59:32'),(204,66,228,NULL,'Saepe architecto et quae veniam ipsa. Consequatur rem blanditiis magni exercitationem. Nesciunt et ratione velit earum fuga praesentium nemo. Et ut et dolores aut laudantium quia non. Quia voluptas praesentium natus.',1,1,'1996-01-13 03:56:13'),(205,43,129,NULL,'Id est sed officia molestiae sed. Dolores aut sint eos animi quidem rerum fuga voluptatem. Dignissimos culpa voluptatem dolore.',0,0,'1978-05-14 04:59:47'),(206,217,97,NULL,'Molestias aperiam ut impedit numquam cupiditate nisi. Rerum ut quasi fugiat. Id qui fugiat optio perspiciatis qui voluptatem. Et sint rem in.',0,0,'2009-04-01 03:53:09'),(207,133,75,NULL,'Minus tempore ipsum aperiam adipisci. Nesciunt porro esse maiores quos consectetur. Est exercitationem voluptatibus dolores quam.',1,0,'2006-11-16 00:29:28'),(208,273,239,NULL,'Nihil qui eveniet est cumque. Itaque qui sed fugit deleniti consequatur ratione. Architecto unde quia omnis quos asperiores et. Vitae placeat soluta occaecati.',0,0,'2011-09-01 01:39:09'),(209,77,269,NULL,'Libero autem vero dicta molestiae odio aut ut. Repellat aliquid architecto eos eum et nam eos. Aspernatur sit hic reiciendis aut rem et odio et. Explicabo aperiam sint magni velit amet possimus quis.',0,1,'2009-03-30 05:33:26'),(210,213,256,NULL,'Dolor neque voluptatem odio hic. Libero fugiat fugiat incidunt cupiditate odio fugiat. Non totam blanditiis ut repellendus veritatis voluptas ipsum officiis. Aut odit dolor illum in officia.',0,1,'1987-08-14 15:13:09'),(211,39,29,NULL,'Aut harum sit saepe corporis illo quibusdam molestias laborum. Voluptatem et non ad. Reprehenderit consequatur laborum maxime aut.',1,0,'1971-05-19 06:45:09'),(212,26,41,NULL,'Ea cupiditate velit sint nulla debitis. Facilis doloribus qui quae officia consequatur. Nihil hic cum laboriosam et. Suscipit et qui quia perspiciatis voluptatem cupiditate.',0,1,'1997-10-22 02:54:22'),(213,129,221,NULL,'Ut dolor excepturi possimus. Blanditiis voluptatem quidem impedit ut ut excepturi. Mollitia fugit mollitia perferendis quis. Maiores dolorem cupiditate necessitatibus repudiandae.',1,0,'2001-01-05 10:02:26'),(214,116,218,NULL,'Magni sequi expedita voluptatem asperiores dolores dolorem. Voluptatibus consequatur nisi ut at distinctio et tenetur. Et repellendus voluptas architecto quam. Sint ex eveniet accusantium voluptatem.',0,1,'2000-03-01 03:46:45'),(215,141,50,NULL,'In voluptate aut est voluptatem omnis et voluptates culpa. Ut in porro neque et. Illo dolore maiores quae quidem vel. Quisquam labore aut aliquam fugit deserunt nulla provident sunt.',1,1,'1999-05-19 23:38:50'),(216,126,181,NULL,'Dicta est ducimus ducimus debitis voluptatum nesciunt. Id qui ad recusandae alias nemo deserunt. Accusamus labore voluptas ut labore explicabo ullam rerum. Necessitatibus ea molestiae delectus sunt hic perferendis.',1,0,'1994-11-11 18:23:40'),(217,226,287,NULL,'Voluptates fugit voluptatem quae a molestiae aliquid corrupti. Ut sit itaque sed. Nulla praesentium molestias impedit quis itaque vel aut. Enim excepturi omnis delectus neque facilis similique fuga. Quia iure illum natus maiores.',0,0,'1991-05-14 02:36:23'),(218,156,219,NULL,'Aliquam dolor qui quos temporibus et quis animi. Inventore aspernatur rerum voluptas ad. Debitis nesciunt eligendi est atque enim quidem.',1,0,'1986-05-08 17:09:55'),(219,28,82,NULL,'Harum rerum mollitia illo ab animi impedit nobis. Dolore quibusdam quia non ratione atque et omnis dicta. Vitae dicta voluptatem unde unde voluptate voluptatibus. Aut sed et cumque suscipit voluptatem.',1,1,'1980-02-13 07:36:05'),(220,25,177,NULL,'Consequatur quidem quibusdam reprehenderit iusto est quos et. Amet commodi sed commodi qui et sit ut eveniet. Voluptatem ullam et magnam repudiandae aut.',1,1,'1975-01-24 09:17:51'),(221,212,227,NULL,'Sit laudantium eum officia quia. Voluptatem suscipit velit voluptatum sequi id. Laboriosam id nobis eos voluptates quos.',1,1,'1997-11-28 05:20:03'),(222,200,18,NULL,'Molestiae quibusdam perferendis debitis quis. Ea velit minus facilis alias et voluptate eius. Perferendis et sed fugit neque quasi quo quo. Ipsam voluptatem delectus consequuntur. Repudiandae nam nostrum quidem explicabo iusto.',0,0,'1995-01-14 02:48:51'),(223,89,89,NULL,'Aut tempore quia atque similique qui. Aliquam commodi omnis optio. Sed veniam natus quibusdam nisi ut temporibus optio. Hic laborum ducimus ipsa sit vitae est. Voluptatem ipsa quisquam numquam quo.',0,0,'1974-04-23 08:26:43'),(224,179,26,NULL,'Maiores laboriosam ipsam aperiam labore nemo maiores. Aut culpa adipisci rem amet voluptatem eum. Fugit et ipsam maxime perspiciatis placeat repellat praesentium.',0,1,'1998-03-16 13:13:20'),(225,194,291,NULL,'Facere dolore sunt eligendi deserunt. Illum modi consectetur voluptas vel eum perspiciatis itaque. Saepe veniam eum ea.',0,0,'2007-05-09 18:39:32'),(226,273,191,NULL,'Quae sed illo deserunt sit in qui. Veritatis velit molestiae architecto amet adipisci possimus. Est voluptates mollitia dicta aliquam. Vel dolor dolores consectetur magnam.',1,0,'1975-08-27 17:21:05'),(227,136,104,NULL,'Quidem ex rerum eveniet explicabo fugiat. Sint est et quo et blanditiis. Aspernatur adipisci eum ipsa.',1,0,'1978-03-10 01:13:26'),(228,115,260,NULL,'Consequatur sint aut alias ea et. Eius eos eius pariatur ducimus autem officia. Accusamus voluptas eveniet sunt dicta quas. Repellendus asperiores id a eos.',1,0,'1995-03-12 01:47:52'),(229,54,90,NULL,'Quidem itaque sint voluptatem minima maxime quas. Mollitia non non laboriosam suscipit et nesciunt nostrum. Facilis et dolorem necessitatibus ut vel corporis.',1,0,'1985-03-18 05:36:31'),(230,288,270,NULL,'Non illo neque natus. Voluptatibus natus in nulla repellendus. Id iure minus consequatur fuga ea aspernatur. Praesentium qui sit rerum non minus nihil soluta. Et occaecati aut quo quam dicta quis.',0,0,'2007-10-13 10:50:11'),(231,187,124,NULL,'Ut ea dolores necessitatibus sint molestiae cum voluptatum. Voluptatem et nisi nihil voluptatem in quo aut. Aut voluptas nostrum illum quis omnis dolorem.',1,0,'2000-02-05 03:23:47'),(232,57,214,NULL,'Sint qui et aut libero aspernatur maxime. Non tempore expedita unde recusandae dicta. Sapiente magnam consectetur incidunt tenetur nam quae. Ratione qui doloribus commodi et minus qui.',1,0,'1977-07-23 07:23:59'),(233,299,253,NULL,'Quae et aliquid autem aut. Omnis corrupti voluptas quibusdam et magnam dignissimos. Et maxime et ad quia temporibus. Illo omnis et laudantium consequatur iste.',1,0,'1992-11-11 22:47:11'),(234,68,179,NULL,'Repellat eveniet dolor quisquam ea hic omnis. Exercitationem dolore et repudiandae praesentium deserunt numquam qui corporis. Vero ratione quod sed. Ut voluptas magnam eveniet modi.',0,1,'1992-11-19 03:01:28'),(235,91,217,NULL,'Pariatur voluptas iste occaecati dolore reprehenderit est laborum et. Dolore eos id corporis aliquid consequatur commodi voluptatem. Officiis quibusdam distinctio ducimus voluptatum blanditiis. Aliquid ut facere possimus qui saepe voluptate corporis.',0,0,'2005-07-07 01:41:24'),(236,213,113,NULL,'Illo nesciunt ad nihil quis dicta ipsam harum. Aperiam est recusandae corporis sunt aut odio nam perspiciatis. Saepe aliquid ex delectus ut in.',1,1,'2012-10-29 17:29:02'),(237,224,180,NULL,'Animi quaerat voluptate perspiciatis aliquid. Assumenda possimus excepturi aut dicta quia placeat sed. Ab aut enim consequatur nostrum. Rem enim quasi aut eligendi dolorem provident.',0,0,'2001-12-21 06:05:00'),(238,227,297,NULL,'Dolorum in molestiae velit facere ut unde assumenda. Numquam nihil doloremque quia voluptatibus amet.',0,1,'2016-10-19 03:55:23'),(239,203,124,NULL,'Corrupti eius soluta quod occaecati. Incidunt velit ea eum ullam architecto officiis culpa. Quia asperiores fuga suscipit aut.',1,0,'1974-10-21 00:03:19'),(240,8,271,NULL,'Nam vel suscipit ut aliquam veniam nihil mollitia. Reprehenderit eos reiciendis animi placeat est rem est. Totam id sed corrupti consequatur ut dolor architecto.',0,0,'2006-05-10 17:43:25'),(241,128,128,NULL,'Facere nesciunt corrupti perferendis. Eum sequi voluptas aut soluta quos. Illum officia minus et reiciendis nobis sed fugiat. Dolor iure corporis cumque et aperiam amet ut.',0,1,'2019-01-08 19:15:08'),(242,253,281,NULL,'Assumenda perspiciatis sint architecto debitis quia occaecati est. Fuga molestias velit enim fugit error quas. Laudantium occaecati optio officia aut.',0,0,'2004-10-30 00:39:30'),(243,46,287,NULL,'Facere ex exercitationem id tempore asperiores. Velit ipsum eius quidem voluptas. Iste ducimus quia sunt repellendus at ea similique.',0,1,'1999-02-15 19:20:45'),(244,96,217,NULL,'Molestias sed ea veritatis natus nam minima. Sapiente explicabo et qui pariatur aliquid. Ut sed unde omnis qui. Excepturi et nesciunt voluptas ex repellendus aliquam.',0,1,'1991-01-27 05:26:24'),(245,200,45,NULL,'Ut omnis sed hic aut laboriosam. Dolorem dolor ipsa debitis impedit voluptatem. Ex magnam nesciunt vitae vel dicta et non.',1,1,'1984-08-23 18:51:08'),(246,226,94,NULL,'Molestiae unde voluptate necessitatibus asperiores laborum expedita. Eius consectetur pariatur magni. Quo dolores iure quibusdam odio ut officiis sunt. Repellendus voluptas harum alias et aut cum.',0,1,'1983-02-04 11:06:59'),(247,94,184,NULL,'Dolorem ea porro nulla ipsum dolor in aliquid. Ullam cupiditate harum rem sit aut corrupti. Tempora dicta incidunt asperiores. Possimus ad sit alias consequatur.',0,0,'1995-02-07 06:26:12'),(248,40,246,NULL,'Asperiores adipisci est enim magnam et. Quasi non omnis ut ipsam. Ut voluptatem est beatae dolore. Vero aliquid recusandae qui dolor expedita quisquam.',1,1,'1990-10-21 06:21:52'),(249,209,5,NULL,'Doloribus quo est et velit accusantium necessitatibus. Laborum beatae et neque et eos ipsam. Dolor ut eius repellendus provident officiis quia molestias. Debitis a fuga cum unde enim.',1,1,'2006-04-17 06:25:50'),(250,299,281,NULL,'Commodi dolor et quis assumenda autem odio. Quidem ut voluptas porro esse qui eos alias.',0,0,'1970-05-23 10:15:43'),(251,205,182,NULL,'Minima vitae cupiditate et. Nobis saepe ut praesentium voluptatem. Qui veniam sed sit quae iure voluptas. Nulla ex necessitatibus enim reiciendis qui quas facilis.',1,0,'2014-12-22 11:00:19'),(252,297,35,NULL,'Soluta adipisci doloremque et praesentium sapiente praesentium. Iure at id qui eligendi. Vel minus magni atque ea itaque adipisci maiores incidunt. At magni asperiores est autem laudantium qui omnis.',1,0,'2017-06-01 12:17:08'),(253,186,226,NULL,'Id et omnis consequatur cumque iure voluptas. Cum eos quia natus distinctio et molestiae et. Quia ut in nisi dolorum id iusto illo dolores.',0,0,'2016-02-15 07:36:34'),(254,269,69,NULL,'Amet numquam ex eum dolor omnis. Assumenda ut ipsum suscipit voluptatibus sit quaerat ut. Excepturi sed est placeat dolorum labore sed. Sed quasi eligendi impedit tempora quos a.',1,0,'1977-10-29 05:12:28'),(255,136,173,NULL,'Et odit a ab qui temporibus nobis. Autem enim hic architecto id ut odio. Nulla porro hic voluptate. Maiores laudantium voluptatibus assumenda facilis qui beatae.',0,1,'2004-03-23 13:26:15'),(256,156,263,NULL,'Consequatur ad ipsa velit voluptas. Nobis aliquam et fuga molestiae illum sit. Dignissimos veniam suscipit at sed quae.',1,0,'1981-07-05 17:34:51'),(257,244,131,NULL,'Quam dolor sunt nesciunt quidem quo. Repellat inventore veritatis deleniti voluptatem enim. Voluptas iste voluptas ipsam voluptatibus corrupti hic veritatis.',1,1,'1978-07-12 02:38:00'),(258,224,124,NULL,'Necessitatibus aut aliquid amet labore. Quidem necessitatibus odit ex voluptas. Maxime quae illum fugiat et et cumque ut. Maiores sint quia a laborum numquam consectetur repellendus ea.',1,0,'1971-06-22 10:08:48'),(259,248,269,NULL,'Inventore amet odio labore odit praesentium. Excepturi ducimus quibusdam aut deleniti deleniti illum ea. Voluptatem sit officiis error deleniti error minus maxime consequatur. Quis labore est ut id qui enim et.',1,0,'1983-04-07 10:47:20'),(260,298,83,NULL,'Non qui maxime quod ea itaque illo. Sed nihil molestiae facilis nisi quidem. Qui repudiandae at odio sit. Nihil molestias dicta non culpa iusto inventore consequatur voluptate.',0,0,'1986-11-03 02:23:37'),(261,123,64,NULL,'Est ad consequuntur debitis harum soluta sed. Magnam perspiciatis est dolores reiciendis. Deserunt et natus molestias quis aspernatur.',1,1,'2004-03-10 20:39:42'),(262,252,167,NULL,'Maiores nihil tenetur reprehenderit similique. Voluptas sint ipsa magnam dolorum qui iure. Dolor officia ut eos voluptas. Aliquam tenetur sint et delectus minima tempore est nam.',0,1,'1979-06-17 03:43:30'),(263,78,189,NULL,'Nihil animi ut ipsum ex iure ipsa non. Pariatur repellendus ut nulla. Eius voluptatem voluptatem architecto rerum eaque. Libero quidem minima enim minima quaerat voluptas a.',1,1,'1994-07-10 16:31:39'),(264,109,280,NULL,'Eaque consectetur sint eos vel. Doloribus ducimus fugiat impedit qui.',0,1,'1988-04-17 10:57:39'),(265,172,20,NULL,'Labore placeat inventore accusantium sint autem et. Delectus et distinctio amet impedit sapiente tempore. Quisquam ut voluptate qui natus incidunt voluptates expedita.',1,1,'2013-02-12 12:54:26'),(266,182,252,NULL,'Animi et id placeat voluptas. Tempora earum quia totam saepe. Aliquid cupiditate odit sunt nesciunt ea.',1,1,'2003-08-03 06:14:59'),(267,112,103,NULL,'Dignissimos doloribus maxime nesciunt asperiores quia voluptas. Ut rem sed ut et maxime necessitatibus.',0,1,'1988-07-29 15:03:25'),(268,181,292,NULL,'Est odit aut iusto dolore alias iste consequatur et. Eveniet aperiam consequatur ullam consectetur natus dicta dolores. Itaque voluptatum possimus quod aut tempore modi.',1,1,'1982-07-05 09:03:56'),(269,20,120,NULL,'Laudantium hic maxime cumque quaerat aut. Sit quo corporis debitis.',1,1,'1995-02-26 12:47:30'),(270,241,243,NULL,'Numquam sunt nemo in atque quam. Nam harum libero molestias nemo error nisi.',0,0,'1979-09-19 21:57:21'),(271,193,235,NULL,'Delectus qui facere rem sequi voluptas. Vel molestias facilis est explicabo doloremque enim quae sit. Quo et error quisquam aut molestiae aut hic.',1,1,'1977-05-14 01:42:08'),(272,297,179,NULL,'Itaque aut eos iure ullam natus omnis. Expedita dolorem et vitae explicabo blanditiis quis. Sed ut accusamus et. Ipsam minus expedita et qui vitae quos.',1,0,'1989-05-01 18:07:56'),(273,3,76,NULL,'Dolorem veniam sit possimus ex quasi laborum corporis. Assumenda necessitatibus nostrum corporis ab ut consequuntur deleniti.',0,1,'1995-08-26 11:20:06'),(274,73,135,NULL,'Nemo aut magnam porro consequatur sint qui. Quam cum et non non inventore quasi sunt omnis. Autem minima maiores cupiditate eum cum voluptatibus adipisci.',1,1,'1989-03-14 16:51:53'),(275,158,83,NULL,'Quia accusamus ut est aliquid. Est id alias molestiae molestias dolorem est. Atque quae sint aperiam cupiditate ea non minus.',1,0,'1996-06-05 18:51:18'),(276,240,51,NULL,'Qui necessitatibus dolor laboriosam maiores iusto ipsum. Consequuntur dolores ut deserunt a. Sunt quis explicabo illum ullam ea in. Voluptas at quia cum.',1,0,'1979-09-04 03:44:50'),(277,134,215,NULL,'Dolores alias tempora eveniet quo. Corporis temporibus sed qui illum. Dolores in vel distinctio et. Dolores vel aut voluptatem.',1,0,'2012-11-16 08:41:05'),(278,73,19,NULL,'Rerum minima est enim. Sed enim sint in cupiditate quibusdam corporis. Iusto et voluptas non amet quos sed quaerat dolor. Maxime necessitatibus itaque aperiam dolor.',1,0,'2001-11-16 20:37:40'),(279,178,230,NULL,'Itaque minima omnis quia quisquam quod vitae. Non suscipit et voluptate ab rerum est molestiae. Dolor iusto laborum iure recusandae. Ullam illum quis quia voluptates.',1,1,'2010-06-11 13:04:06'),(280,17,294,NULL,'Voluptates beatae omnis similique tenetur quisquam iste recusandae. Aut modi aut vel sunt ab eum et. Facilis nulla cumque dolorem quisquam.',1,1,'1991-12-11 14:14:08'),(281,217,204,NULL,'Impedit non velit fugit atque voluptatem non asperiores. Hic est qui est quia. Aut nihil nemo sequi dolore atque aliquam ex.',1,0,'2018-06-25 18:47:49'),(282,69,31,NULL,'Provident ab nobis et necessitatibus. Velit sit optio est a vero impedit. Molestiae sed eos quidem delectus aut.',1,0,'2003-01-24 06:36:05'),(283,247,240,NULL,'Dicta architecto minima repudiandae corporis voluptatibus accusamus. Quia veritatis iusto dolorem autem eum architecto est. Molestiae dolorem itaque aut sunt voluptatibus eum esse. Aliquam est quam et sint.',1,1,'1999-02-01 20:01:53'),(284,162,87,NULL,'Ab aut sint distinctio sint. Voluptas distinctio ut sunt. Corporis eligendi iusto recusandae voluptatum quos et enim vero.',0,0,'1989-06-19 20:04:15'),(285,248,78,NULL,'Ducimus rerum voluptatem beatae nobis sapiente. Et et in rerum dolorem animi. Maiores sit similique alias aut. Blanditiis non enim corporis vero.',0,0,'1970-07-18 15:32:38'),(286,246,95,NULL,'Saepe unde numquam numquam delectus numquam. Illum eos nisi perspiciatis odit ut quas velit. Soluta quia autem voluptates deleniti.',1,1,'2003-07-30 11:45:40'),(287,36,197,NULL,'Quisquam accusantium quaerat sunt ut ea ea. Dolor libero sed sapiente itaque corporis placeat illo tempore. Nihil velit itaque et harum blanditiis. Tenetur dolores sint consequatur voluptatem doloremque ea commodi dolores. Temporibus similique sed omnis expedita non qui.',0,1,'1973-06-28 06:32:52'),(288,274,179,NULL,'Amet itaque tenetur voluptatem fuga eveniet sint a commodi. Eum delectus sequi ipsam ut. Veritatis voluptatem molestiae nam. Quae aliquid suscipit sed ea tempora ad quia omnis. Debitis eveniet alias est error.',1,1,'1998-06-12 01:44:49'),(289,75,135,NULL,'Rem tenetur doloremque quibusdam magni quia id consectetur fugit. Sit autem officia quas veniam aut. Et aperiam unde tempora necessitatibus dicta. Accusamus dolor quae debitis perferendis excepturi quos.',0,0,'2007-08-29 20:07:23'),(290,149,41,NULL,'Tenetur iure et quo pariatur. Qui vitae rem quia. Vitae quo voluptas dicta sunt voluptas ut architecto quia.',1,0,'1986-10-01 18:11:35'),(291,55,153,NULL,'Reiciendis sint eos aspernatur voluptatem tempora quo. Omnis deserunt quo ex et atque in deserunt. Unde nihil asperiores reiciendis enim quia.',1,0,'1977-09-15 07:05:54'),(292,297,129,NULL,'Natus et aspernatur eos placeat. Consectetur et non eum voluptates. Voluptatem dolores nihil doloremque eaque fugiat.',0,0,'2007-07-21 09:22:38'),(293,50,166,NULL,'Praesentium aut delectus totam laboriosam laborum quis necessitatibus. Rerum asperiores corporis odit commodi sapiente iure cum. Beatae velit tenetur iure magnam dolores nemo omnis iure. Voluptas unde blanditiis repudiandae dolore repellat qui non.',1,1,'1975-10-22 20:32:12'),(294,78,192,NULL,'Mollitia repellendus qui veritatis. A quas quam aliquid id et qui. Eos laudantium soluta est.',0,0,'2018-02-12 15:05:17'),(295,126,53,NULL,'Sit occaecati culpa qui odio quis qui. Aut officia molestiae exercitationem ea amet nihil mollitia. Sunt aut vel fugit et eos minus. Ratione ipsum nihil dicta est eos.',0,0,'1987-07-04 05:09:36'),(296,187,174,NULL,'Nostrum et quos nulla sunt. Voluptatem autem praesentium excepturi voluptas fugiat quos sunt. Pariatur molestias ut reiciendis blanditiis libero fugiat quis qui. Rem voluptas voluptatem omnis ratione.',1,0,'1978-07-06 00:58:00'),(297,10,125,NULL,'Tenetur dolorum quis quo et inventore. Harum sit et dicta est et eius enim. Fugit aut voluptatibus incidunt consequatur aliquam numquam dolorem.',0,1,'1990-02-10 16:10:07'),(298,296,205,NULL,'Sint est omnis esse accusamus facere cumque. Quae earum velit quo rerum. Amet et exercitationem dolorem voluptas magnam doloremque et.',0,1,'1990-12-26 16:56:13'),(299,135,59,NULL,'Placeat consequatur accusantium et corporis suscipit sunt voluptas. Doloribus nobis nobis aut dicta eos. Necessitatibus ab itaque tenetur quia eligendi amet. Quia temporibus laboriosam nobis pariatur eligendi dolorum.',0,1,'2016-04-03 17:12:59'),(300,192,180,NULL,'Cumque esse consectetur et et est. Perferendis et beatae sunt eaque qui autem ab. Dolores enim ad dolorum voluptas voluptatem.',0,0,'2011-04-25 12:04:19');
/*!40000 ALTER TABLE `messages` ENABLE KEYS */;
UNLOCK TABLES;

--
-- Table structure for table `posts`
--

DROP TABLE IF EXISTS `posts`;
/*!40101 SET @saved_cs_client     = @@character_set_client */;
/*!50503 SET character_set_client = utf8mb4 */;
CREATE TABLE `posts` (
  `id` int unsigned NOT NULL AUTO_INCREMENT,
  `media_id` int unsigned DEFAULT NULL,
  `user_id` int unsigned NOT NULL,
  `head` varchar(255) CHARACTER SET utf8 COLLATE utf8_unicode_ci DEFAULT NULL,
  `body` mediumtext CHARACTER SET utf8 COLLATE utf8_unicode_ci,
  `created_at` datetime DEFAULT CURRENT_TIMESTAMP,
  `updated_at` datetime DEFAULT CURRENT_TIMESTAMP ON UPDATE CURRENT_TIMESTAMP,
  PRIMARY KEY (`id`)
) ENGINE=InnoDB AUTO_INCREMENT=151 DEFAULT CHARSET=utf8 COLLATE=utf8_unicode_ci;
/*!40101 SET character_set_client = @saved_cs_client */;

--
-- Dumping data for table `posts`
--

LOCK TABLES `posts` WRITE;
/*!40000 ALTER TABLE `posts` DISABLE KEYS */;
INSERT INTO `posts` VALUES (1,3,14,'tempore','Quod culpa eum consequatur sapiente labore. Nihil dolorem quod ad ab soluta molestias qui. Dolor dignissimos fugiat esse sit.','2008-07-16 01:51:24','1986-10-05 00:09:43'),(2,3,30,'ut','Sed vel dolorum temporibus est harum possimus. Laborum in ut omnis harum similique adipisci. Et cum sequi qui animi maiores. Placeat suscipit quia animi ipsa corporis molestias quo accusamus.','1970-11-04 11:32:10','1997-04-08 08:36:54'),(3,2,52,'eos','Dolorem occaecati quisquam qui est. Assumenda animi non consectetur qui ducimus. Eum in aut est a.','1992-07-22 07:31:48','1998-05-02 10:33:08'),(4,1,107,'omnis','Id facere molestiae reiciendis necessitatibus harum harum. Aliquid itaque et asperiores accusamus esse debitis provident. Maiores recusandae deserunt est placeat sequi et. Quisquam perferendis ipsa vel fuga.','2018-07-16 23:04:11','1970-03-20 14:19:27'),(5,2,137,'eos','Dolor sint architecto mollitia est voluptates atque alias. Enim aut veritatis atque veritatis.','1982-04-30 01:38:05','1991-12-23 04:46:09'),(6,3,83,'sint','Doloremque nihil earum voluptates est aspernatur corporis aspernatur et. Deserunt incidunt optio mollitia laboriosam voluptas nihil quasi.','2002-10-27 20:29:10','1975-11-21 02:16:10'),(7,3,15,'illum','Odit ipsum mollitia eum qui doloribus ipsum. Laboriosam laudantium cupiditate ut eveniet quia. Est enim alias et vel temporibus sunt in. Sunt quam ea sequi dolores et.','1981-07-01 13:29:55','2004-04-08 11:12:10'),(8,3,90,'exercitationem','Tempora commodi fuga expedita excepturi impedit voluptatem inventore neque. Consequatur in quia sequi odio. Delectus eveniet laboriosam assumenda illum. Voluptate sapiente est quos iusto.','2004-05-09 14:27:48','1977-05-26 08:08:44'),(9,1,101,'voluptatum','Laboriosam modi officiis veritatis sit eveniet cumque. Culpa ut a totam rerum fuga quidem fuga. Autem ex et voluptates magni suscipit laborum.','1988-11-07 23:18:51','1993-12-05 09:25:15'),(10,2,114,'in','Officiis iure quibusdam ea tenetur. Aliquam et dolorum id vel nihil. Reiciendis optio sit quis minima.','2011-01-21 11:05:22','1973-10-24 13:24:26'),(11,3,71,'tenetur','Quia minima sit iste ea. Voluptatem aut sit similique nulla ut ut. Voluptatem debitis dolor rerum consectetur ea alias. Expedita rerum eligendi excepturi quibusdam omnis.','2005-09-08 10:50:38','1994-04-23 00:44:30'),(12,3,104,'sit','Illo libero cum odio quam id perferendis velit. Ex possimus non qui aut eaque qui. Neque animi ipsa consequatur nam.','1978-10-29 02:50:17','1990-04-20 00:58:52'),(13,2,150,'qui','Eius omnis sit quod sequi quia. Vel dignissimos odio in sed natus. Quaerat omnis dolore ullam fugiat et fugit voluptatem repellendus. Quis est similique magnam aspernatur et. Eius consequuntur cumque repudiandae veniam numquam.','1977-04-30 19:04:42','1990-08-07 17:41:28'),(14,1,126,'reprehenderit','Nihil eveniet vel est dolorum qui. Atque corporis quis placeat alias ipsam cum. Aliquam nesciunt aspernatur quo aspernatur.','1992-08-16 04:43:32','1994-01-02 03:51:54'),(15,2,111,'doloremque','Minus qui dolor expedita tempora ab nisi voluptates. Temporibus quisquam voluptatum inventore ut odit. Voluptatem aliquid consequatur laborum consequatur impedit consequatur.','2018-10-10 07:19:04','2000-05-20 05:14:06'),(16,2,10,'ratione','Eligendi eos nisi dolores est aspernatur est aperiam. Et ut cumque incidunt id rerum quo. Amet sunt omnis odio sint dolorem.','2006-02-05 20:32:13','1986-07-23 16:46:51'),(17,2,46,'sit','Eaque nihil velit magni quia temporibus enim aut sunt. Repellendus omnis ut cupiditate culpa facere. Officia et et inventore quia facere. Deleniti voluptate amet et enim.','1994-03-19 15:34:36','1979-03-10 20:05:00'),(18,3,120,'ipsum','Sint autem nesciunt nostrum consequuntur recusandae. Maxime omnis non sed saepe nihil. Ratione ut beatae qui sed. Et reiciendis ipsum possimus eligendi voluptate qui.','2009-09-28 22:52:13','2012-05-04 21:46:41'),(19,2,52,'et','Quia et cum qui qui. Consequatur id sed omnis voluptatum tempora consequuntur. Unde nobis sit ut ipsam dolore velit. Quos officiis ex autem amet minima quia.','2008-02-02 21:56:45','1984-07-14 16:58:39'),(20,2,41,'harum','Deleniti delectus odio beatae cum reprehenderit at est. Vel ut dolorem aut aliquid maxime architecto.','1991-04-24 06:08:07','2001-05-14 23:39:30'),(21,2,126,'quia','Est dolores quas voluptatem est molestiae recusandae omnis. Reiciendis incidunt fugiat quisquam. Dolorem aliquid eum mollitia dolores.','1981-11-08 15:00:02','1997-11-11 20:14:26'),(22,1,49,'quia','Aut repellendus ut ut consequatur impedit. Libero consequatur dignissimos quia maxime voluptas. Est quis dicta molestiae eligendi tempora animi sit. Dicta consequatur velit rerum provident deleniti.','1982-03-27 02:11:50','2014-05-25 19:53:52'),(23,2,143,'voluptatibus','Repellat ipsa voluptatibus voluptates. Rerum dolor nemo ut earum. Totam aut est molestiae autem exercitationem.','2000-03-22 21:52:13','2004-08-05 07:25:58'),(24,2,138,'labore','Ad cupiditate accusantium et id. Accusantium amet natus qui quod. Sint sed neque qui recusandae ullam illum. Quo hic quia architecto consequatur.','2017-10-24 08:42:08','2005-07-16 05:44:26'),(25,3,98,'porro','Quibusdam vero quasi et dolores dolores. Quasi cupiditate enim a at quo. Dolorum tenetur ipsa molestiae natus quo. Aut natus ea voluptatem tempora rerum quisquam laudantium.','1971-03-13 18:41:45','1994-06-21 08:45:00'),(26,3,67,'maxime','Iure nostrum eum enim enim ut saepe cum. Qui aspernatur tempora temporibus non.','2008-01-27 04:38:00','1992-11-11 15:03:18'),(27,2,48,'illo','Quo facilis voluptatum aut esse deserunt ut. Quo qui non voluptatibus et quia voluptates cum. Aliquid vero ea provident ipsa dolorem. Quos harum eos voluptatem est dolorum eaque placeat dolor.','2013-09-10 09:08:33','2014-01-11 19:59:32'),(28,1,68,'est','Maxime quia aut molestiae aut similique perferendis harum. Nesciunt sed nihil aut doloribus consectetur vero rerum ut.','1985-02-25 21:00:46','2000-06-29 18:33:47'),(29,2,50,'ab','Voluptatem numquam enim ipsam magnam. Nostrum sed et vel harum. Autem soluta tempore et excepturi vel harum est sapiente. Sint ea tempora est et ex ex enim. Aliquid corrupti quis officia officiis et nihil ratione non.','1993-08-16 17:45:05','1992-01-24 15:34:32'),(30,2,5,'ab','Quia non itaque suscipit eaque. Ut omnis molestiae quia aperiam voluptatum. Voluptatem ad fuga voluptas. Voluptate at officia et maxime voluptate non id.','2002-01-12 04:40:15','1980-08-16 22:30:48'),(31,2,149,'necessitatibus','Quasi atque amet accusamus molestiae quibusdam debitis laudantium. Consequatur et veritatis cum soluta. Vel quo voluptate ipsa laborum ut vel non. Autem tenetur error odit omnis voluptatibus modi ab.','2017-06-27 20:08:03','1998-02-07 13:23:15'),(32,2,47,'in','Repellat ea explicabo placeat eius accusamus non. Quos aliquam ratione et repudiandae reiciendis velit eum. Nostrum eos eum reprehenderit odio amet sint aliquid.','2007-01-21 18:31:15','1984-01-31 20:13:02'),(33,2,29,'et','Quia incidunt maiores sed quis voluptates nobis blanditiis. Qui ut voluptas qui voluptas odit consequuntur.','2010-12-31 21:51:16','1984-07-25 03:24:04'),(34,2,123,'nesciunt','Reprehenderit soluta fugit voluptas voluptatem magni. Enim asperiores ipsum aut eligendi voluptatem. Debitis officia et ut culpa. Magnam in atque dignissimos eum. Sint tenetur adipisci id repellat et culpa.','1979-10-27 17:47:41','1985-04-21 02:57:53'),(35,2,97,'aliquid','Magni consequatur iste saepe ea ipsum tempore facere sit. Dolorum earum non suscipit perferendis eveniet laborum sit facilis. Vero et a ullam natus ad ea possimus. Quia enim blanditiis reiciendis veniam.','2014-10-31 03:16:26','1979-04-25 09:03:47'),(36,1,150,'cupiditate','Aspernatur eos voluptatibus tenetur facilis qui. Sed praesentium velit ut eius occaecati id. Voluptatem voluptas magnam non perspiciatis et repudiandae.','1974-01-29 12:53:36','1970-11-14 05:33:19'),(37,2,147,'porro','Voluptates quo animi doloremque adipisci voluptate voluptate rem. Reprehenderit omnis nihil est quia ea et.','2016-09-02 03:51:02','1978-11-05 23:50:24'),(38,1,147,'non','Aut ea delectus ut ab. Ullam sed enim dolore vero quis earum et velit. Praesentium repellat nihil aut. Culpa molestias qui aut rerum omnis.','1977-01-23 23:59:34','2014-07-27 15:16:30'),(39,1,67,'unde','Corporis aut cupiditate sit est ea. Sit fugit neque harum iure. Saepe voluptatibus nihil consequuntur voluptas qui iure.','2018-02-21 08:30:55','1976-04-27 09:23:44'),(40,1,29,'soluta','Maiores ducimus quia inventore perspiciatis. Officia deserunt consequatur aut. Odit debitis nisi dignissimos nesciunt in magnam.','1987-07-24 00:41:13','1980-10-20 19:40:53'),(41,2,67,'sit','Non a omnis et dolorem beatae veritatis. Optio cum tenetur animi dolorum ut temporibus. Vitae explicabo non omnis pariatur molestiae. Autem recusandae error consequatur magnam aut nam eos.','2009-04-20 16:41:46','1973-03-10 15:48:45'),(42,3,30,'consequatur','Earum et et vitae odio autem dignissimos. Inventore quod molestiae ad similique. Dolorum nihil et ut et fugit odio voluptatem. Id sapiente optio atque qui. Voluptatem et non ipsam odio ducimus rerum.','1993-01-27 11:07:44','2004-06-16 22:53:15'),(43,2,4,'id','Et aut qui dolores. Quis ipsam et beatae ab et aut. Ea qui deleniti voluptatem sequi officia aut ut.','2016-03-04 06:34:57','1972-06-19 17:39:17'),(44,1,50,'quos','Reiciendis temporibus consequatur ducimus aut placeat. Corrupti magnam esse provident illo. Quo nemo facilis aut enim consequatur.','2006-06-24 13:16:46','1993-02-22 01:46:24'),(45,2,68,'accusantium','Eveniet ut voluptate inventore deleniti vel accusamus saepe quasi. Ut optio ratione recusandae.','2012-12-31 03:29:31','2011-06-07 05:04:16'),(46,3,128,'neque','Fuga error quis qui distinctio velit cupiditate sit. Voluptatum beatae ipsa aliquam qui. Excepturi rerum quisquam nesciunt deleniti.','1981-01-17 12:45:34','2010-06-24 06:30:45'),(47,1,149,'sunt','Exercitationem consequatur possimus aliquam assumenda iusto sint. Voluptatem eaque suscipit id eos autem ipsa numquam rerum. Dolor aut debitis modi.','1983-05-16 01:53:15','1999-09-02 23:46:26'),(48,2,59,'sed','Delectus ratione est saepe. Dolores placeat exercitationem ab aliquid. Enim sed eum aut est. Perspiciatis ipsam delectus maxime quod ad.','1986-09-15 20:25:08','2011-05-14 15:26:13'),(49,1,28,'omnis','Laudantium enim eligendi ad et veniam accusamus facere. Necessitatibus voluptas laboriosam ipsum assumenda maxime. Modi expedita laborum fugiat sint ullam molestiae nihil. Tempore nemo ratione odio sapiente.','1990-02-28 20:23:35','1984-10-29 22:14:34'),(50,1,116,'inventore','Omnis id quis ab aut cum dolores. Corrupti alias pariatur sapiente ab quo qui excepturi. Magni eaque dolorem sint animi pariatur aspernatur et. Doloremque facilis soluta quas nobis.','2018-05-04 18:56:58','1994-11-09 18:08:03'),(51,2,63,'repellendus','Maxime reiciendis corrupti sint qui. Neque et ad est. Praesentium iusto nemo officiis assumenda ipsam in et excepturi.','2000-07-20 15:03:07','1990-06-26 16:23:46'),(52,1,1,'eius','Consequuntur voluptas necessitatibus officia dolores. Accusantium ducimus corporis dolorem quasi et culpa. Aut repellat id dolor. Perferendis molestiae fugiat voluptas omnis molestiae.','1977-01-21 16:00:09','1991-09-25 13:48:08'),(53,1,145,'asperiores','Non fugit explicabo eos ea quis quidem. Molestiae unde aut nobis neque necessitatibus velit impedit. Velit doloremque aliquam et quia itaque quam voluptatem. Quis laborum in possimus voluptas consectetur vel veritatis.','2008-05-03 22:07:07','1975-07-28 18:40:33'),(54,3,52,'similique','Ad praesentium sit cumque et adipisci. Minus molestiae officiis nostrum sint provident sequi. Qui ut perferendis iure harum.','2001-02-26 01:03:21','1974-06-09 16:54:04'),(55,1,132,'vel','Necessitatibus repudiandae nemo consequatur similique voluptatem. Dolor et rerum rerum voluptate. Officia repellat velit mollitia.','1998-08-03 08:43:12','2004-08-31 22:12:48'),(56,1,109,'enim','Dolorum sit aut qui nostrum ducimus ab enim. Laboriosam error enim assumenda.','1996-08-12 12:00:35','1999-08-15 20:41:59'),(57,3,63,'nostrum','Tempore temporibus eaque eos autem voluptas possimus maxime doloribus. Voluptas quod rerum voluptatum aliquid eum ullam. Sit debitis assumenda tenetur. Eos iure iste occaecati placeat fugit voluptas numquam.','2000-12-20 01:27:11','1979-08-06 06:25:18'),(58,3,44,'vel','Omnis eius quisquam libero necessitatibus commodi est. Voluptatem facilis deleniti animi corrupti atque eaque. Eveniet enim et alias.','1970-02-28 13:17:20','2008-08-25 11:36:37'),(59,1,56,'et','Dolores voluptatem aut mollitia consequuntur. Praesentium est consequuntur vitae et corporis maxime consequatur. Asperiores est laudantium fugit mollitia. Qui recusandae in pariatur fuga unde quae nisi. Voluptates aliquid aut cum adipisci ex.','1999-10-12 09:08:04','1994-12-16 05:11:03'),(60,1,44,'aspernatur','Voluptatem exercitationem quibusdam veniam. Asperiores sit sit eum aut. Sint pariatur modi nihil et corporis. Magnam tempora sunt vero.','1987-07-04 06:55:25','2012-02-29 00:50:57'),(61,3,101,'quasi','Quia modi optio porro exercitationem. Quis dolorem nisi alias nemo. Dolores modi velit aut quia aut aperiam. Inventore totam doloribus et facere.','1981-09-29 09:36:27','2007-03-13 12:33:54'),(62,2,102,'et','Aut aliquam neque sequi aliquam commodi. Fuga consequatur est neque neque quia beatae et. Facilis similique aspernatur aliquam sit. Asperiores exercitationem sit explicabo temporibus non.','1982-09-26 09:26:22','2005-04-04 12:01:30'),(63,1,112,'quas','Voluptatem ducimus fuga sed possimus fuga suscipit voluptas. Eveniet sed cupiditate quaerat repellat est possimus. Totam dicta sunt placeat reiciendis. Autem non nesciunt molestiae veniam vel eius.','1979-01-22 23:51:00','2015-02-12 16:15:14'),(64,2,139,'in','Dignissimos suscipit nam minima voluptas vel. Repellendus perspiciatis sed et ea. Quia id animi cum.','2013-10-17 22:51:53','2010-01-17 13:53:49'),(65,2,107,'assumenda','Enim iure nesciunt odit illo unde. Quam aliquid eum consequatur sint quia. Repellendus exercitationem blanditiis architecto enim.','1973-02-21 02:30:04','2019-04-30 07:14:07'),(66,1,10,'quibusdam','Illum enim quas aperiam ipsa. Sit quos non qui inventore quibusdam et.','1993-12-19 12:36:46','2008-11-29 04:19:03'),(67,2,17,'impedit','Eveniet assumenda expedita explicabo omnis doloribus. Amet debitis magni iste aut. Aspernatur optio officiis praesentium velit omnis error corrupti. Esse ex et laborum rerum adipisci officiis.','1975-10-08 17:54:33','1979-12-16 14:03:38'),(68,3,10,'rerum','Alias dolorum impedit et necessitatibus deserunt neque consequatur et. Et tempora voluptatem error iure. In et totam sint molestiae asperiores placeat. Eius cupiditate aut et quis nihil tempore ducimus.','2001-03-16 07:08:49','2016-12-23 05:28:15'),(69,3,55,'aut','Sed cupiditate quia quo placeat animi inventore. Necessitatibus voluptas et id.','1976-04-18 07:48:07','1973-11-07 06:40:38'),(70,2,17,'quae','Cum nulla similique maiores tenetur vel ut. Impedit et perspiciatis qui nisi magnam numquam dignissimos. Est a tempora officia eum ex. Labore maiores accusantium sunt illum vitae maiores. Dolor in sint accusamus sequi ipsum.','1976-12-27 15:00:28','2012-09-04 00:37:17'),(71,1,57,'commodi','Maxime pariatur ut dignissimos et et et. Cumque aut rerum accusantium eos id. Labore aut reiciendis tempora ea placeat. Accusamus voluptates voluptatum quisquam quis aut aut.','1995-12-20 14:48:08','1972-01-21 09:37:21'),(72,3,39,'quia','Est distinctio commodi eveniet numquam reiciendis velit qui ipsa. Mollitia qui eum repudiandae sequi qui rerum. Nostrum temporibus voluptate aut expedita voluptas id. Aliquid repellat id possimus molestias.','1996-10-03 01:48:15','1999-07-12 18:41:14'),(73,3,102,'maxime','Ipsum sed iure odit tempora totam eius doloribus. Recusandae dolor dolorem et ut reprehenderit molestiae repudiandae. Nam consequatur laborum in nam. Velit sequi qui sint eos.','1989-12-07 16:52:17','2000-09-09 14:48:52'),(74,2,24,'molestias','Voluptatum qui a molestias et placeat et numquam. Ex hic vitae eum consequuntur corrupti similique maiores placeat. At consequatur error beatae facilis earum suscipit. Illum aspernatur ut distinctio vero sint quasi.','1977-06-13 13:08:30','1971-02-19 08:19:48'),(75,2,36,'voluptates','Veniam consequatur qui rerum non reprehenderit. Mollitia consectetur quibusdam dolores modi sunt aliquid. Facere omnis quia blanditiis sit ut exercitationem.','2012-09-06 11:32:18','2012-07-31 18:00:39'),(76,3,75,'aut','Aut ex laboriosam et placeat est dolorem debitis. Aut tempore laborum id qui. Quasi dolorem ea dolore numquam reprehenderit sit. Accusantium et eius quo nam quibusdam id aperiam.','1982-04-09 08:56:19','1986-02-14 06:57:05'),(77,2,8,'harum','Excepturi harum est qui aliquid nobis ex. Est numquam natus enim aliquam at. Ea a qui id vel aut doloremque. Voluptates at ut facilis laudantium aut necessitatibus omnis.','1987-03-27 14:49:56','2015-04-29 02:18:41'),(78,1,119,'rerum','Qui debitis voluptatem voluptate id aliquid. Nostrum quia ut in soluta mollitia distinctio. Sit qui reiciendis dolorum impedit.','1972-11-14 00:27:23','2015-08-24 07:07:35'),(79,3,21,'voluptatem','Et tempore est quia perferendis. Aut rem qui itaque nam eum odit saepe. Odit et non consectetur voluptatum sint quibusdam deserunt.','1970-09-19 22:28:23','1995-03-03 19:18:40'),(80,1,137,'in','Deserunt quibusdam similique excepturi non nobis velit. Expedita nihil aliquam ipsa iste sint quidem excepturi. Asperiores eligendi unde maiores voluptatem eum. Rerum officiis beatae ducimus.','1984-12-17 04:15:02','2010-03-04 14:44:45'),(81,2,17,'quas','Sint sapiente rerum est dignissimos dicta provident hic. Veniam consequatur sint sunt sed id. Illo provident quis quo minima aut corrupti eius eveniet. Dolore aliquid repellat occaecati sed. Ullam debitis autem harum porro sed et aperiam.','1970-12-08 18:05:44','2014-07-23 10:58:16'),(82,2,31,'est','Architecto aut est tempora sint. Quisquam enim est quibusdam. Suscipit veniam voluptas laudantium nisi ut.','1981-08-16 23:20:15','1990-11-15 18:20:29'),(83,3,59,'sed','Totam accusantium quasi consequuntur unde. Est a eaque ea fugit beatae id qui. Perspiciatis et omnis odio eos dolores.','1988-07-01 14:16:34','1999-10-26 21:27:52'),(84,2,24,'veritatis','Beatae ipsam ea iste dicta et laboriosam et et. Earum dolorem deserunt sint sed fuga. Eos quasi fugiat quia sint at vitae possimus sunt.','2016-02-10 16:44:06','1983-12-03 02:30:36'),(85,2,33,'et','Quasi non mollitia enim vel magni officia culpa. Dignissimos iusto dolor qui perspiciatis. Temporibus blanditiis ea et deserunt. Ea ea qui alias in. Odio quidem voluptas corrupti ipsam quos voluptas.','2007-06-23 08:05:54','2013-04-03 07:26:11'),(86,3,149,'illo','Et est pariatur pariatur. Et occaecati qui et voluptatem labore debitis quibusdam. Vel delectus eum adipisci fuga eos qui.','2014-08-28 19:40:21','1995-05-10 08:13:58'),(87,3,37,'aliquid','Rem perferendis quasi sit esse. Natus possimus dolor sunt laborum odit perspiciatis voluptas. Aliquam suscipit iusto quia. Quibusdam perspiciatis delectus aut ullam accusamus quam.','1998-12-26 06:31:09','1974-09-10 01:14:10'),(88,3,30,'eligendi','Totam qui ipsam ipsa cumque asperiores eos dignissimos qui. Enim possimus aut explicabo rerum.','2012-03-03 05:07:37','1994-08-11 12:45:20'),(89,3,104,'quis','Iusto et est qui eaque sed. Temporibus et vel dolores velit recusandae optio molestiae. Dolorum totam id et qui adipisci dolor. Ipsam ea soluta eum quidem iure ipsum.','1970-12-09 21:30:14','1983-11-09 22:49:35'),(90,2,119,'consequuntur','Quia ea optio et ducimus quia. Consectetur omnis ut quia molestiae dicta officia et. Eum et ducimus ipsum quo saepe aperiam officia.','1994-09-11 01:06:23','2004-01-08 04:08:58'),(91,3,17,'sit','Recusandae soluta commodi sint quia doloribus dolor qui. Quas nulla necessitatibus eum. Ullam ea hic rem perspiciatis qui eos.','1984-11-22 10:58:51','2016-12-29 20:36:03'),(92,1,113,'provident','Fugit eos sequi qui doloremque. Mollitia qui nesciunt qui praesentium minus rerum. Excepturi blanditiis ipsum sequi doloribus harum labore. Aut delectus molestiae consequatur culpa aut odit.','2009-05-30 01:14:21','1982-02-26 13:17:03'),(93,3,34,'id','Sint minima rem numquam quia vel asperiores. Veritatis pariatur ab adipisci magni. Aut dignissimos aut et quasi laudantium et id.','2014-11-22 17:47:21','2017-12-24 02:30:31'),(94,1,10,'id','Laboriosam repellat eligendi ipsa dolor vitae laboriosam. Animi quia quisquam quisquam nemo similique.','2009-04-01 11:53:34','1979-11-23 15:00:37'),(95,2,55,'cupiditate','Consequatur itaque doloribus blanditiis. Quas possimus ut in. Nesciunt qui eveniet voluptas earum non deserunt quis.','2011-05-06 04:20:39','1974-07-09 06:55:26'),(96,1,88,'numquam','Enim vitae consequatur tenetur. Non illum suscipit minima est nisi odit. Repellat odio aut molestiae repellendus aut. Et iusto quisquam consectetur aut eaque.','1979-06-05 23:10:36','1979-03-23 10:45:16'),(97,1,1,'est','Eligendi deleniti sit vel ut optio id. Alias odio ab porro animi. Quidem dolores vel sit est quo.','2009-03-07 06:50:33','1979-05-15 12:35:35'),(98,2,114,'expedita','Qui consequuntur iste sequi perspiciatis error eveniet inventore. In quia eos dignissimos quisquam quia ducimus alias. Aut voluptatem quasi saepe dolorem dolorem enim quia. Qui tempora laborum nemo quasi. Delectus voluptate commodi itaque sit quae aut autem.','1986-01-26 07:32:19','1971-10-05 13:37:40'),(99,2,52,'earum','Veritatis vitae expedita et incidunt qui sit. Qui rem fuga reprehenderit et. Ipsum est repellat minima corrupti suscipit et non.','2002-06-10 08:58:39','1987-02-06 20:45:10'),(100,1,141,'earum','Et alias eum hic rerum. Blanditiis quis autem quo libero velit fuga ipsa sed. Quo fugit magnam quod molestias nihil.','1992-07-07 10:18:38','1993-12-17 12:05:23'),(101,3,138,'est','Laudantium eos expedita iure atque. Expedita accusamus voluptates temporibus aspernatur laudantium est. Eos odit et corrupti est.','1971-05-01 22:21:33','1998-06-02 00:38:13'),(102,1,29,'delectus','Consequatur nostrum libero quia sint nisi. Minus voluptatem rerum nisi fuga eum ut voluptatem laudantium. Ab voluptatibus laboriosam facere non sequi vel culpa.','2002-10-22 22:31:33','2006-06-21 02:55:52'),(103,3,87,'magni','Laborum quos nam porro iste enim sunt odit sed. Dolores omnis earum pariatur et voluptatem a et. Ratione est sunt et beatae quia voluptatem aliquam quia.','1987-01-21 02:05:25','2012-05-14 04:40:17'),(104,3,69,'exercitationem','Id nisi et quibusdam iusto. Laudantium ut deserunt esse maxime molestiae ipsam nobis. Veniam fugiat sequi rerum omnis ex consequatur magni.','1995-12-27 12:16:20','1974-03-01 23:42:17'),(105,3,72,'voluptatibus','Quis ullam et sunt repellendus enim doloribus nihil. Quia illo omnis fuga consequatur doloribus illum repellendus. Velit vitae consequatur est officiis ex eius cupiditate. Natus quisquam quibusdam veritatis et.','1977-02-25 00:56:15','1975-11-04 23:50:45'),(106,3,99,'fugit','Error rerum sint quia dolorum. Qui voluptatem alias illum sit enim et molestias. Neque dolorum ullam aut. Labore est architecto dicta commodi adipisci.','2012-12-29 23:19:07','1995-11-08 00:23:14'),(107,2,145,'architecto','Impedit officia rerum occaecati. Eveniet commodi ab non omnis. Praesentium consequatur minus et quam.','2014-11-25 11:26:49','2015-11-29 04:03:20'),(108,2,1,'id','Eius quae nam totam ea itaque voluptatibus autem vero. Consequatur aut voluptatem similique dolores quia. Rerum non laboriosam et vel cumque optio omnis. Temporibus quo sint et illo.','1971-01-24 10:00:25','2012-03-09 21:03:50'),(109,1,45,'qui','Delectus magnam eligendi quaerat sit blanditiis et. Magnam ducimus voluptates in assumenda voluptas maxime. Ipsum alias occaecati totam sapiente consequuntur. Qui temporibus sit quas sed velit amet.','1984-01-31 23:47:09','1987-06-02 16:42:20'),(110,3,100,'nobis','Minus quas quisquam ipsam est aliquam quis. Totam ex iusto deserunt enim. Aliquid blanditiis nihil ut et quaerat voluptatum.','1997-04-03 08:48:36','1991-05-14 11:44:15'),(111,3,66,'reprehenderit','Et veritatis fugit et occaecati laborum. Eveniet quos excepturi ut. Repellat non et consequatur est.','1982-11-04 21:40:46','1984-05-11 13:17:50'),(112,2,54,'cumque','Quas ut tenetur voluptas et cum saepe. Et eaque magnam omnis aut eos ullam. Tempora incidunt et et ex molestiae ut.','1976-07-15 23:17:05','1989-12-22 02:25:22'),(113,3,41,'animi','Facere quia magni nihil. Earum tempora vitae qui consectetur facere ipsa a. Hic voluptatum nam officia exercitationem voluptas consequatur non dolorem.','1987-12-08 21:36:34','2000-08-17 18:04:38'),(114,1,145,'quidem','Dolores expedita ullam adipisci. Rerum dolor eveniet ea nam quis ut.','1983-04-09 11:22:23','2004-07-25 20:03:04'),(115,3,149,'dolorum','Nostrum provident nobis in quia. Eveniet est hic ea quisquam suscipit. Laudantium ut qui magni.','2018-12-18 06:24:07','1971-02-07 01:20:27'),(116,1,136,'itaque','Velit explicabo in atque. Quas quia debitis amet accusamus qui. Aut qui beatae consequatur aut.','1991-03-05 13:16:09','1974-10-14 08:07:57'),(117,1,139,'aperiam','Cumque suscipit dolorem suscipit et. Eum et maiores aut. Ducimus debitis ea repellat est occaecati quidem. Vel libero et quam qui qui aliquid. Modi voluptatem officiis dicta vero.','2006-01-14 22:52:12','1989-11-15 02:21:10'),(118,2,116,'rerum','Voluptatem ut et voluptatem et. Ipsa aut debitis sequi voluptate sed. Earum rem qui qui deleniti enim aperiam ut dolorum.','2011-07-14 13:36:34','2017-04-05 06:20:26'),(119,3,72,'ea','Odio eaque a veritatis tempora harum. Quia explicabo qui corrupti inventore mollitia officia. Consequatur quis qui cumque deserunt deleniti.','1995-02-26 22:07:30','1986-04-13 16:40:55'),(120,2,134,'reiciendis','Hic qui ex neque dolor. Voluptatem atque dignissimos reiciendis velit. Non tempore rem molestiae sit vel ipsa delectus. Eos veniam velit velit autem sint.','2017-09-02 05:08:21','2019-05-26 23:24:12'),(121,2,39,'eos','Consequatur impedit sint sequi soluta in est at et. Id sint reprehenderit aut adipisci unde fugit totam.','1980-08-14 19:03:45','1993-07-10 05:16:47'),(122,2,64,'sit','Eos voluptatem repellat possimus velit omnis. Sapiente neque ut eaque at quia eius possimus. Autem molestiae et rerum numquam aut sed.','1987-10-02 17:46:37','2013-10-26 08:54:14'),(123,3,117,'quia','Qui consequatur optio qui totam. Quos facere ut ipsa earum omnis. Facilis aspernatur ut quod consequatur ex. Dicta magni est ut suscipit eligendi rerum ducimus sunt.','1984-02-26 22:06:15','1971-04-30 01:35:17'),(124,3,40,'vel','Distinctio ut quia rerum et sit unde. Ratione libero minima similique aperiam. Deserunt et ut consequatur ad sed.','1977-06-09 21:50:57','2015-02-05 02:55:53'),(125,1,86,'rerum','Quis veniam odio fugiat quia omnis autem. Iste optio reprehenderit distinctio dolorem qui. Praesentium animi doloribus neque placeat eos.','1974-12-16 16:26:52','1996-06-19 08:49:38'),(126,1,24,'ut','Quod dolor animi incidunt corrupti velit assumenda tempore. Quia et veniam cum eum est. Id repellendus voluptatem enim dolor nulla quia incidunt necessitatibus. Eveniet est dolorum adipisci vitae culpa voluptatum.','2009-05-06 02:17:21','1996-03-30 01:10:03'),(127,2,18,'cupiditate','Qui omnis expedita quidem aut dolorum voluptas et. Sit quasi et tempora. Sed quaerat sint qui sit. Cum molestiae impedit cum distinctio id quaerat. Eum dolores aut ducimus pariatur ipsa iste repudiandae fugiat.','1982-12-28 19:34:13','2011-05-25 02:29:29'),(128,1,140,'et','Optio quo a corrupti doloremque. Nobis accusantium quae corrupti magnam ab accusamus eos. Sint qui ad quidem aliquid voluptates et. Placeat eos eos eum laboriosam ducimus porro ut.','2011-02-18 02:53:14','2015-02-27 08:49:11'),(129,1,23,'et','Et doloremque explicabo necessitatibus et quos nam dolores. Excepturi nobis voluptatem nemo quae eum natus nihil. Eum dolorem minus velit temporibus dolores error laborum.','1996-12-29 21:58:01','2012-01-15 21:15:13'),(130,1,64,'et','Hic dolor nulla assumenda repellat. Et est autem harum maiores ex ipsam deleniti. Temporibus sit non omnis qui. Cupiditate harum repellat sit rem et quo.','1995-02-26 23:23:03','1985-12-15 14:02:59'),(131,3,62,'ab','Ipsa ipsa id tempora nemo sint ut quas nihil. Ea excepturi voluptate libero eveniet doloribus reprehenderit. Nisi voluptas ut aspernatur et maxime et magni.','2019-09-07 17:39:23','2008-03-20 18:23:36'),(132,2,107,'porro','Quae dolores magni eum expedita sunt aut provident. Fuga temporibus nemo cum deserunt. Ipsa possimus voluptatibus explicabo omnis. Corrupti expedita modi fugiat perferendis est distinctio. Libero ea in et ullam sit debitis explicabo.','1984-10-17 20:20:45','1993-12-05 22:30:18'),(133,1,11,'non','Sequi ratione ut sit corrupti quaerat earum quaerat. Expedita neque id ratione ab autem. Nostrum tempore rerum doloremque soluta et. Non officiis et maiores tenetur quo.','1990-08-22 20:04:14','2007-12-15 23:53:35'),(134,2,20,'reprehenderit','Et aspernatur et quam est occaecati alias velit ipsum. Error autem dolor provident fugit ratione fugiat.','1971-02-15 11:45:16','2003-05-22 03:39:31'),(135,1,85,'accusantium','Aut hic enim quas. Suscipit est necessitatibus ex aut suscipit illo laboriosam. Tenetur debitis quas fugit suscipit.','1987-02-18 10:10:26','1995-02-11 15:33:51'),(136,1,20,'iure','Fuga laudantium ut corporis amet. Enim vero fuga aut magni. Quis dolor voluptates omnis saepe.','1993-01-16 13:59:19','1982-06-11 02:35:25'),(137,2,35,'cumque','Voluptate velit architecto perspiciatis ut sint et dolorem. Harum nemo non dolores veritatis natus animi vero. Ea dolor quibusdam illum rerum. Nobis reprehenderit maxime magni et corporis ducimus labore.','1988-10-24 17:23:30','2016-12-28 01:40:17'),(138,2,132,'autem','Accusantium voluptatum ab dolorum alias sint sint. Modi consequatur cupiditate vitae qui. Quidem magnam sequi ad saepe unde voluptatem qui. Tenetur ab molestiae provident ex id quos.','1972-09-04 15:35:16','2019-08-07 23:22:21'),(139,3,51,'autem','Iste possimus animi rerum cum at dicta et. Atque modi dignissimos nisi facere voluptatem suscipit. Et aut et nulla. Et occaecati fuga sed unde.','1998-06-06 21:08:38','1979-07-31 11:32:17'),(140,3,124,'pariatur','Illum voluptatem sequi aperiam blanditiis aspernatur. Et voluptas quas porro. Consequatur est sed aut in dolorem delectus.','2001-11-01 04:21:43','1982-12-15 21:22:30'),(141,2,61,'magni','Molestiae quia consectetur illo natus quia ipsa fuga eveniet. Similique fugit id in expedita. Rem minima et iusto aliquam consequatur et consequatur.','1985-11-25 01:16:54','2001-09-02 11:13:13'),(142,3,50,'iusto','Aliquam dolores pariatur rerum ut voluptates. Provident iste magnam ullam aut consequatur eveniet cumque.','1985-01-11 05:25:11','1987-01-01 11:14:21'),(143,3,49,'accusantium','Sed in enim dolorem aliquid soluta vel. Ab neque natus aliquid rerum architecto quam ex voluptatem. Cumque quo dolorum est sequi quasi esse autem.','1994-01-07 07:52:26','1980-10-16 00:22:14'),(144,1,29,'dolorem','Laboriosam unde temporibus omnis. Sapiente aut laudantium laborum aut. Tempora omnis neque est consequuntur aliquam consequatur. Modi modi aut iusto saepe quisquam.','2003-12-07 18:19:41','1992-07-11 18:05:24'),(145,3,64,'qui','Beatae voluptatem voluptas fugiat nihil nobis et. A veniam doloribus aut.','1988-03-26 13:05:16','1994-01-20 01:59:22'),(146,2,132,'unde','Ut ut excepturi eaque culpa numquam nostrum. Ut doloribus enim vitae at temporibus. Est expedita asperiores cum commodi aliquid.','1989-07-20 08:38:27','2017-06-25 05:08:08'),(147,3,15,'debitis','Corporis consequuntur pariatur nisi facere est. Delectus voluptatem aut ullam ex quos repudiandae ipsa quas. Et doloremque impedit iste qui iure ut quasi. Voluptatem ducimus at pariatur expedita ea vel sed.','1977-06-13 06:48:46','2004-12-25 22:34:17'),(148,1,60,'non','Illo rem qui ut maxime fugit. Accusantium quo repellat sit maiores corrupti. Quia et sint a voluptatibus quod id vel. Distinctio omnis et ex. In architecto quia est laudantium dolor.','1999-07-04 06:36:38','2009-01-01 06:23:16'),(149,2,123,'quis','Consequatur enim et totam dignissimos qui. Quisquam repudiandae illum ut fugit odio alias non. Sint ad consequatur deleniti est quia.','1996-02-12 11:38:31','2009-05-21 23:42:21'),(150,2,25,'dolorem','Et non repellendus placeat occaecati. Ut consequatur aspernatur voluptatem quaerat hic. Voluptatem qui assumenda occaecati. Eos et qui magni recusandae et.','1987-06-19 05:03:06','1984-06-11 14:01:45');
/*!40000 ALTER TABLE `posts` ENABLE KEYS */;
UNLOCK TABLES;

--
-- Table structure for table `profiles`
--

DROP TABLE IF EXISTS `profiles`;
/*!40101 SET @saved_cs_client     = @@character_set_client */;
/*!50503 SET character_set_client = utf8mb4 */;
CREATE TABLE `profiles` (
  `user_id` int unsigned NOT NULL,
  `birthdate` date DEFAULT NULL,
  `sex` char(1) CHARACTER SET utf8 COLLATE utf8_unicode_ci NOT NULL,
  `hometown` varchar(100) CHARACTER SET utf8 COLLATE utf8_unicode_ci DEFAULT NULL,
  `country` varchar(100) CHARACTER SET utf8 COLLATE utf8_unicode_ci DEFAULT NULL,
  `photo_id` int unsigned DEFAULT NULL,
  `created_at` datetime DEFAULT CURRENT_TIMESTAMP,
  `updated_at` datetime DEFAULT CURRENT_TIMESTAMP ON UPDATE CURRENT_TIMESTAMP
) ENGINE=InnoDB DEFAULT CHARSET=utf8 COLLATE=utf8_unicode_ci;
/*!40101 SET character_set_client = @saved_cs_client */;

--
-- Dumping data for table `profiles`
--

LOCK TABLES `profiles` WRITE;
/*!40000 ALTER TABLE `profiles` DISABLE KEYS */;
INSERT INTO `profiles` VALUES (101,'1998-10-30','f','Wardland','Grenada',104,'1997-10-20 05:17:25','2020-02-08 05:23:51'),(84,'2010-01-06','m','Ziemannville','Cayman Islands',53,'1978-07-26 05:00:40','2020-02-08 05:23:51'),(117,'1970-05-16','f','Morissetteside','Nepal',102,'1974-07-03 20:16:22','2020-02-08 05:23:51'),(32,'2006-10-12','m','East Kiara','Lebanon',49,'2018-01-17 02:52:09','2020-02-08 05:23:51'),(111,'1984-10-01','m','Abdielton','Benin',92,'2000-07-21 20:54:47','2020-02-08 05:23:51'),(8,'2019-06-09','f','Halvorsonstad','Cape Verde',9,'1991-05-02 12:35:43','2020-02-08 05:23:51'),(7,'1988-04-30','m','East Eugene','Austria',70,'1978-07-16 21:44:19','2020-02-08 05:23:51'),(11,'1975-04-18','m','North Gussiebury','New Caledonia',23,'2012-01-27 00:55:06','2020-02-08 05:23:51'),(35,'2004-10-20','m','Watsonberg','Egypt',53,'1992-03-16 09:19:23','2020-02-08 05:23:51'),(138,'2012-12-17','f','South Orlandomouth','Malawi',48,'1987-06-11 14:12:24','2020-02-08 05:23:51'),(137,'1976-12-25','f','Port Quintonbury','New Caledonia',78,'1992-01-23 03:26:02','2020-02-08 05:23:51'),(122,'1987-06-10','f','Mayerport','Netherlands',96,'2016-04-07 08:47:29','2020-02-08 05:23:51'),(45,'2018-11-20','m','East Janice','Cote d\'Ivoire',94,'2010-12-19 06:45:39','2020-02-08 05:23:51'),(9,'1975-04-08','m','Lake Mariettaland','Seychelles',32,'2013-05-04 06:25:50','2020-02-08 05:23:51'),(59,'1990-08-18','m','East Ettieland','Ireland',26,'2002-12-28 06:30:34','2020-02-08 05:23:51'),(120,'1982-05-21','m','Cummerataton','Montserrat',35,'1985-09-25 02:03:52','2020-02-08 05:23:51'),(120,'2008-09-02','f','Mitchellton','Aruba',95,'2019-06-15 14:36:59','2020-02-08 05:23:51'),(89,'1977-11-02','m','Cordiaton','Tonga',69,'2014-10-24 05:54:20','2020-02-08 05:23:51'),(87,'1976-06-10','f','West Aubree','Sweden',61,'2002-04-10 07:27:27','2020-02-08 05:23:51'),(19,'2018-10-19','f','West Hayley','Eritrea',96,'1991-01-16 23:45:29','2020-02-08 05:23:51'),(130,'1975-12-31','m','Wuckerttown','Bhutan',148,'2019-01-19 09:02:11','2020-02-08 05:23:51'),(142,'2010-03-16','f','East Kiana','Nauru',150,'2002-03-26 05:32:45','2020-02-08 05:23:51'),(22,'2007-03-29','f','Durganfort','French Polynesia',6,'1994-06-29 16:04:01','2020-02-08 05:23:51'),(134,'2017-09-28','m','Milfordberg','Tokelau',29,'1991-12-20 09:28:12','2020-02-08 05:23:51'),(3,'1979-10-29','m','North Emmettport','Jersey',127,'2006-06-12 04:21:28','2020-02-08 05:23:51'),(64,'1980-04-08','m','West Ledaborough','Guinea',99,'1989-06-15 10:30:04','2020-02-08 05:23:51'),(10,'2018-08-10','m','Carrollbury','Bahrain',111,'1983-08-16 05:38:09','2020-02-08 05:23:51'),(8,'1970-03-07','f','Emmanuelside','Qatar',109,'1971-04-26 00:16:08','2020-02-08 05:23:51'),(10,'1993-02-22','m','Zackeryhaven','Monaco',61,'2013-10-19 13:13:23','2020-02-08 05:23:51'),(23,'1988-02-18','f','Lake Lessie','Papua New Guinea',129,'1979-08-28 17:25:58','2020-02-08 05:23:51'),(88,'1984-08-30','m','New Ignatius','Mexico',12,'2016-06-05 02:03:45','2020-02-08 05:23:51'),(68,'1999-10-07','m','Cassinchester','Uganda',124,'1985-10-24 16:37:53','2020-02-08 05:23:51'),(75,'2001-08-25','m','Shieldsfurt','Angola',130,'1988-07-14 05:40:20','2020-02-08 05:23:51'),(23,'1978-08-26','f','New Arnoport','French Guiana',127,'1993-07-31 12:06:14','2020-02-08 05:23:51'),(37,'1993-03-28','f','North Vena','Sudan',98,'1988-07-14 10:09:47','2020-02-08 05:23:51'),(118,'1977-04-05','m','Bechtelarhaven','Indonesia',106,'1983-03-02 08:13:08','2020-02-08 05:23:51'),(28,'1989-08-11','f','New Jovannyville','Malawi',85,'2005-10-25 05:23:17','2020-02-08 05:23:51'),(86,'2006-04-01','f','Lake Toreyland','Netherlands',108,'1994-12-19 15:44:24','2020-02-08 05:23:51'),(45,'2009-05-21','m','Aufderharton','Burkina Faso',135,'1992-07-30 14:05:29','2020-02-08 05:23:51'),(115,'2005-06-29','m','Nitzschemouth','United Arab Emirates',48,'2009-09-17 23:37:15','2020-02-08 05:23:51'),(140,'1987-05-20','f','Ebbachester','Turks and Caicos Islands',136,'1970-09-15 08:46:56','2020-02-08 05:23:51'),(57,'1980-09-24','m','Port Annetta','Rwanda',83,'2017-06-04 05:47:39','2020-02-08 05:23:51'),(13,'1998-12-27','f','Kassulkestad','Ethiopia',10,'1984-09-15 01:35:57','2020-02-08 05:23:51'),(43,'2004-07-10','m','Swaniawskihaven','Algeria',100,'1999-08-25 04:11:58','2020-02-08 05:23:51'),(24,'1970-09-21','f','North Rahulside','Burundi',21,'1994-03-12 17:58:41','2020-02-08 05:23:51'),(141,'1984-03-27','f','Napoleonview','Nauru',101,'1971-11-16 14:34:04','2020-02-08 05:23:51'),(31,'1986-07-03','m','Lake Charlieview','Tanzania',143,'1988-02-01 19:22:00','2020-02-08 05:23:51'),(33,'2007-12-02','m','Port Itzelfurt','South Georgia and the South Sandwich Islands',112,'1992-03-08 08:00:48','2020-02-08 05:23:51'),(70,'2016-10-13','f','North Tanyabury','Guam',129,'2005-10-20 18:10:07','2020-02-08 05:23:51'),(101,'1971-09-15','f','Durganland','Bolivia',7,'1992-12-05 15:43:55','2020-02-08 05:23:51'),(145,'2001-07-02','f','Walshview','Taiwan',101,'1996-04-17 02:32:04','2020-02-08 05:23:51'),(123,'2016-03-29','f','Tyrelview','Nauru',32,'2003-05-17 21:13:21','2020-02-08 05:23:51'),(30,'2013-07-08','f','Jaidaborough','Mali',9,'2010-10-27 00:39:27','2020-02-08 05:23:51'),(78,'1993-07-13','f','Kentontown','Moldova',95,'1972-09-30 00:27:25','2020-02-08 05:23:51'),(149,'1992-03-19','m','Pfefferville','Mauritania',149,'2011-04-19 11:34:36','2020-02-08 05:23:51'),(62,'2001-11-16','f','Alffort','Latvia',9,'1984-08-26 17:21:29','2020-02-08 05:23:51'),(14,'2011-01-29','m','West Agustin','Liechtenstein',49,'1997-03-23 22:57:02','2020-02-08 05:23:51'),(32,'1985-01-24','f','Consueloport','Australia',66,'1980-04-06 02:47:50','2020-02-08 05:23:51'),(120,'1991-06-10','m','Ratkemouth','Romania',34,'2006-10-25 22:40:40','2020-02-08 05:23:51'),(51,'1980-10-20','m','Michaletown','Oman',119,'2010-04-09 20:17:12','2020-02-08 05:23:51'),(43,'1977-12-11','m','East Amy','British Indian Ocean Territory (Chagos Archipelago)',46,'2017-05-24 08:10:22','2020-02-08 05:23:51'),(64,'1995-02-25','f','Trompmouth','Slovakia (Slovak Republic)',19,'2003-12-12 00:32:38','2020-02-08 05:23:51'),(40,'1971-06-24','f','Bashirianberg','Svalbard & Jan Mayen Islands',108,'1992-03-04 02:19:12','2020-02-08 05:23:51'),(8,'2017-12-25','f','Lake Oranview','Saint Martin',33,'1984-08-30 12:43:17','2020-02-08 05:23:51'),(68,'1994-09-23','m','West Margaret','Chad',141,'1988-11-11 18:02:53','2020-02-08 05:23:51'),(18,'2013-05-22','f','North Mayburgh','Nauru',6,'1984-12-22 03:38:31','2020-02-08 05:23:51'),(35,'1983-04-12','f','South Rafael','Burundi',55,'1995-05-22 17:44:01','2020-02-08 05:23:51'),(120,'1985-07-15','m','East Lenore','Holy See (Vatican City State)',107,'1998-08-30 04:01:44','2020-02-08 05:23:51'),(44,'2003-02-06','m','Lake Garrickmouth','New Caledonia',69,'1976-07-06 09:51:28','2020-02-08 05:23:51'),(10,'2015-11-30','f','Manuelstad','Myanmar',25,'1972-10-19 14:14:20','2020-02-08 05:23:51'),(68,'1996-06-04','f','Port Fabiola','Chile',67,'2012-01-01 21:10:30','2020-02-08 05:23:51'),(9,'2015-04-24','f','Vincenzaside','El Salvador',108,'1985-08-20 06:07:31','2020-02-08 05:23:51'),(142,'1991-08-29','f','Port Soniaberg','Jersey',41,'1994-11-16 11:43:29','2020-02-08 05:23:51'),(83,'1973-10-15','f','Langworthville','Barbados',28,'2010-09-05 18:43:51','2020-02-08 05:23:51'),(139,'1970-07-09','m','North Brando','Lithuania',19,'2000-08-24 02:26:20','2020-02-08 05:23:51'),(144,'2004-11-11','f','South Lueville','Faroe Islands',9,'1990-11-12 13:22:09','2020-02-08 05:23:51'),(5,'1993-03-26','m','West Selena','Jordan',137,'1986-01-15 15:28:07','2020-02-08 05:23:51'),(39,'1972-10-21','m','Port Florianchester','Papua New Guinea',57,'2007-11-01 19:57:46','2020-02-08 05:23:51'),(32,'1994-11-11','f','Adanbury','Italy',24,'1979-12-08 04:58:31','2020-02-08 05:23:51'),(41,'1992-03-19','m','Metzfurt','Guernsey',100,'1993-02-27 22:14:36','2020-02-08 05:23:51'),(107,'2012-10-12','m','Milesberg','Turkey',129,'1997-03-09 01:53:57','2020-02-08 05:23:51'),(113,'1972-12-11','f','Israelfurt','Turkey',41,'2009-03-30 03:26:36','2020-02-08 05:23:51'),(95,'2013-03-15','f','Lake Leola','Canada',121,'1989-11-21 14:30:02','2020-02-08 05:23:51'),(132,'1998-08-29','f','Lake Electa','Thailand',29,'2008-11-10 10:14:00','2020-02-08 05:23:51'),(77,'2001-02-14','f','Gleasonberg','British Virgin Islands',82,'1972-10-08 22:23:56','2020-02-08 05:23:51'),(140,'1986-07-08','m','East Billy','Congo',21,'2008-03-22 17:59:07','2020-02-08 05:23:51'),(17,'1993-05-04','m','Maeganport','Niger',10,'2000-10-05 10:48:58','2020-02-08 05:23:51'),(115,'2002-12-18','f','Shainaside','United States of America',138,'1994-01-09 10:46:40','2020-02-08 05:23:51'),(73,'1994-08-02','f','Silasbury','Israel',60,'1975-06-10 09:06:18','2020-02-08 05:23:51'),(21,'1972-10-05','m','Powlowskiton','Sierra Leone',33,'2000-06-13 17:22:39','2020-02-08 05:23:51'),(35,'1992-04-22','f','Elliothaven','Kyrgyz Republic',134,'1972-09-09 06:31:51','2020-02-08 05:23:51'),(111,'2018-05-07','f','East Emmanuelport','Madagascar',120,'2012-06-21 13:10:11','2020-02-08 05:23:51'),(1,'1982-03-26','f','New Assuntafort','Tonga',47,'2019-11-04 02:31:25','2020-02-08 05:23:51'),(121,'1988-07-25','m','Spencerton','Macedonia',26,'2015-12-23 21:32:08','2020-02-08 05:23:51'),(3,'1972-03-08','f','Hayeschester','Georgia',137,'1991-08-25 23:50:04','2020-02-08 05:23:51'),(99,'2009-10-29','f','Robelmouth','Liechtenstein',7,'1976-07-12 08:12:16','2020-02-08 05:23:51'),(36,'1991-10-06','f','Lake Hettietown','Sudan',76,'1991-07-21 06:48:05','2020-02-08 05:23:51'),(32,'1980-10-17','m','North Damienbury','Malaysia',56,'1984-02-27 06:36:18','2020-02-08 05:23:51'),(53,'1974-11-15','m','Lake Ledaborough','Singapore',53,'2013-12-30 07:33:42','2020-02-08 05:23:51'),(17,'1991-12-17','f','Garnettside','New Zealand',94,'1981-01-30 06:16:01','2020-02-08 05:23:51'),(77,'1995-02-25','m','Berthabury','Barbados',13,'1972-09-26 06:47:27','2020-02-08 05:23:51'),(32,'1979-09-01','f','Darlenebury','Argentina',81,'2000-08-12 18:08:10','2020-02-08 05:23:51'),(79,'1982-08-19','f','Heathcoteview','Grenada',66,'1972-03-22 06:51:01','2020-02-08 05:23:51'),(149,'1985-06-07','f','North Burdettemouth','Croatia',87,'1993-08-21 20:32:21','2020-02-08 05:23:51'),(59,'1991-02-20','f','Alexanderland','Korea',86,'1998-01-13 04:05:34','2020-02-08 05:23:51'),(147,'1999-09-05','f','East Rudolph','Sweden',20,'1982-07-18 16:56:35','2020-02-08 05:23:51'),(108,'1975-03-03','f','Lake Amani','Niger',141,'2009-09-07 23:35:35','2020-02-08 05:23:51'),(98,'1988-07-23','m','North Freddiemouth','Mozambique',42,'1972-06-09 02:56:26','2020-02-08 05:23:51'),(16,'2009-01-02','f','Lake Damian','Marshall Islands',89,'1999-04-02 06:55:12','2020-02-08 05:23:51'),(85,'1998-05-04','f','South Gino','Angola',17,'1990-07-06 23:48:29','2020-02-08 05:23:51'),(77,'1998-01-03','m','West Shana','Swaziland',117,'2011-01-29 12:42:17','2020-02-08 05:23:51'),(131,'2009-03-05','f','Kilbackbury','Uzbekistan',83,'1998-11-28 14:20:25','2020-02-08 05:23:51'),(121,'1994-12-19','m','East Jenniferhaven','Brazil',63,'1999-04-02 00:10:20','2020-02-08 05:23:51'),(60,'1972-06-21','m','New Liam','Uzbekistan',66,'2004-09-26 18:35:01','2020-02-08 05:23:51'),(90,'1994-06-16','m','South Mohammedmouth','French Southern Territories',140,'2012-08-21 21:33:18','2020-02-08 05:23:51'),(118,'1971-06-21','f','Swaniawskifort','Lebanon',52,'1978-10-18 10:34:57','2020-02-08 05:23:51'),(19,'1986-01-06','f','Wunschbury','Vanuatu',140,'2010-10-27 08:14:21','2020-02-08 05:23:51'),(41,'1993-09-26','m','New Idellfurt','Japan',94,'2012-01-09 10:52:48','2020-02-08 05:23:51'),(150,'2013-03-31','f','Erikaview','Mauritius',47,'2002-07-26 05:04:47','2020-02-08 05:23:51'),(23,'2005-01-11','f','East Murphy','Kazakhstan',104,'2002-02-19 10:15:27','2020-02-08 05:23:51'),(115,'1971-03-21','f','Antonioville','Hong Kong',77,'2004-05-26 07:42:19','2020-02-08 05:23:51'),(55,'1977-01-19','m','South Kavon','Malta',72,'1992-01-23 10:24:08','2020-02-08 05:23:51'),(80,'1996-07-13','f','New Mossieshire','Chad',129,'1988-12-27 03:43:31','2020-02-08 05:23:51'),(86,'1989-07-12','f','Kiehnberg','Bulgaria',127,'1978-09-06 22:00:01','2020-02-08 05:23:51'),(37,'2008-08-21','m','Kohlerchester','El Salvador',98,'1996-04-04 18:08:28','2020-02-08 05:23:51'),(77,'1982-10-18','f','Jordychester','French Guiana',111,'1984-06-25 13:38:41','2020-02-08 05:23:51'),(122,'2019-07-24','f','Lake Jan','Guadeloupe',109,'1973-05-18 04:56:03','2020-02-08 05:23:51'),(80,'1970-05-11','m','Eulaland','Guyana',62,'2001-08-06 17:11:05','2020-02-08 05:23:51'),(35,'1994-02-02','m','Port Alexandre','Cook Islands',131,'2014-11-06 04:47:55','2020-02-08 05:23:51'),(82,'1988-07-28','m','Romagueraburgh','Algeria',18,'2009-10-12 13:52:08','2020-02-08 05:23:51'),(3,'2019-08-26','f','Starktown','Serbia',147,'1972-01-10 03:35:29','2020-02-08 05:23:51'),(72,'2019-10-25','m','North Efrain','Benin',83,'2004-02-15 23:00:39','2020-02-08 05:23:51'),(49,'2007-05-30','f','Lake Mohammadborough','Seychelles',121,'2018-02-17 22:45:50','2020-02-08 05:23:51'),(30,'1973-03-05','m','Parkerstad','Namibia',56,'2012-07-31 17:46:48','2020-02-08 05:23:51'),(150,'1984-10-11','m','Gerardoland','Georgia',68,'2008-11-19 00:55:00','2020-02-08 05:23:51'),(60,'1980-04-22','f','South Elisaburgh','Solomon Islands',20,'2008-07-07 20:09:30','2020-02-08 05:23:51'),(150,'2016-09-12','m','Tamaratown','Estonia',48,'1995-12-24 00:25:16','2020-02-08 05:23:51'),(119,'2003-06-22','m','Lake Walton','Madagascar',28,'1973-07-26 15:39:29','2020-02-08 05:23:51'),(146,'1995-03-06','m','Kuvalisside','Fiji',146,'2001-04-04 20:03:47','2020-02-08 05:23:51'),(70,'2000-04-16','f','Hicklefort','Faroe Islands',46,'2009-03-07 23:01:20','2020-02-08 05:23:51'),(61,'1987-04-20','m','South Sean','Togo',89,'1974-02-04 22:32:54','2020-02-08 05:23:51'),(96,'2004-10-09','m','Welchview','Zambia',10,'1973-04-18 21:58:14','2020-02-08 05:23:51'),(148,'1981-09-11','m','Halietown','Austria',80,'2016-12-19 08:26:07','2020-02-08 05:23:51'),(149,'1984-12-11','f','Port Dewitt','Lesotho',69,'2013-03-11 11:42:17','2020-02-08 05:23:51'),(1,'2008-08-26','m','Rauland','Burundi',105,'2014-11-29 07:58:52','2020-02-08 05:23:51'),(7,'1989-03-15','f','Boyleport','Turkmenistan',16,'1984-03-16 14:57:59','2020-02-08 05:23:51'),(30,'2013-05-06','f','Lake Hannahhaven','Equatorial Guinea',65,'1974-01-04 18:00:30','2020-02-08 05:23:51'),(130,'2017-12-14','m','New Martin','Aruba',128,'1994-01-03 06:17:24','2020-02-08 05:23:51'),(108,'1972-08-15','m','West Isabelhaven','Czech Republic',146,'2009-10-09 19:11:16','2020-02-08 05:23:51'),(3,'1993-12-02','m','Elishaside','Kyrgyz Republic',42,'1982-06-13 18:13:25','2020-02-08 05:23:51');
/*!40000 ALTER TABLE `profiles` ENABLE KEYS */;
UNLOCK TABLES;

--
-- Table structure for table `users`
--

DROP TABLE IF EXISTS `users`;
/*!40101 SET @saved_cs_client     = @@character_set_client */;
/*!50503 SET character_set_client = utf8mb4 */;
CREATE TABLE `users` (
  `id` int unsigned NOT NULL AUTO_INCREMENT,
  `first_name` varchar(100) CHARACTER SET utf8 COLLATE utf8_unicode_ci NOT NULL,
  `last_name` varchar(100) CHARACTER SET utf8 COLLATE utf8_unicode_ci NOT NULL,
  `email` varchar(120) CHARACTER SET utf8 COLLATE utf8_unicode_ci NOT NULL,
  `phone` varchar(15) CHARACTER SET utf8 COLLATE utf8_unicode_ci NOT NULL,
  `password` varchar(15) CHARACTER SET utf8 COLLATE utf8_unicode_ci DEFAULT NULL,
  `created_at` datetime DEFAULT CURRENT_TIMESTAMP,
  `updated_at` datetime DEFAULT CURRENT_TIMESTAMP ON UPDATE CURRENT_TIMESTAMP,
  PRIMARY KEY (`id`),
  UNIQUE KEY `email` (`email`),
  UNIQUE KEY `phone` (`phone`)
) ENGINE=InnoDB AUTO_INCREMENT=151 DEFAULT CHARSET=utf8 COLLATE=utf8_unicode_ci;
/*!40101 SET character_set_client = @saved_cs_client */;

--
-- Dumping data for table `users`
--

LOCK TABLES `users` WRITE;
/*!40000 ALTER TABLE `users` DISABLE KEYS */;
INSERT INTO `users` VALUES (1,'Georgette','Keeling','eferry@example.org','138-363-6061x19','6e0d5a83e6a0bce','1970-08-07 17:59:24','2009-04-11 11:23:51'),(2,'Liam','Walter','aeffertz@example.net','1-181-202-9101','dd99c72f9a07c92','1978-08-01 05:08:40','1994-10-27 22:40:29'),(3,'Michele','Rath','parker.linda@example.com','513.661.0820x86','405549360f8fea4','1971-12-15 05:36:45','2020-02-08 04:23:58'),(4,'Dayana','Toy','ondricka.trudie@example.org','706-030-1899x26','598a304377b3916','1970-02-01 01:17:52','2020-02-08 04:23:58'),(5,'Madisen','Tremblay','brook26@example.net','+69(9)545665553','61ec48bb18ee4c5','1975-05-03 21:35:26','1989-09-11 07:59:36'),(6,'Felipa','Cremin','gkemmer@example.net','1-599-973-5066x','5fa5361e37105c7','1979-12-26 15:55:30','2005-01-30 17:46:11'),(7,'Nolan','Ernser','nrunte@example.com','440-419-1198','86665519f601b23','1973-01-09 17:48:43','1994-07-02 16:12:05'),(8,'Keaton','Schinner','rashawn.lueilwitz@example.net','08210317945','376d167c0eb1099','2018-09-04 20:02:35','2020-02-08 04:23:58'),(9,'Maynard','Wilderman','dickinson.nettie@example.net','+70(4)348746098','e1776b10df8d338','2001-04-21 12:29:08','2008-10-26 19:14:01'),(10,'Vita','Kulas','lind.deontae@example.org','1-700-905-6985x','ac25073ede3fc85','1987-01-16 07:51:14','2005-10-26 22:53:35'),(11,'Joany','Grimes','nhowell@example.net','282.588.8472','6fd56bc45e85c22','1990-03-10 20:45:43','2020-02-08 04:23:58'),(12,'Ulices','Koepp','lora.towne@example.net','(087)614-2169','d851f550ec42065','1989-04-18 01:06:07','2020-02-08 04:23:58'),(13,'Treva','Greenholt','arvid45@example.org','(498)110-4117','44e486a1e48c196','2006-10-30 23:16:23','2011-10-10 00:11:52'),(14,'Sam','Kunde','kaelyn24@example.org','390-668-8334','1e841e3b272abee','2002-08-19 04:11:24','2020-02-08 04:23:58'),(15,'Kareem','Gibson','sid45@example.org','1-247-018-2483x','42613294e5586c6','1977-04-29 10:34:57','1999-02-24 04:44:36'),(16,'Jailyn','Ondricka','lrenner@example.org','04041463049','a1dc0eaa6a863c7','1979-03-18 05:04:29','2017-06-14 14:00:25'),(17,'Hannah','Barton','haylie.kuhlman@example.org','1-206-632-1832x','01afb52d3617453','1980-03-23 07:32:13','1990-05-25 03:13:35'),(18,'Carmel','Cruickshank','flatley.jayda@example.net','172.704.0829','95247e7b91aae0f','1970-03-29 14:11:09','1975-10-17 23:37:38'),(19,'Bryana','Kuhlman','sarina68@example.com','350-682-0716x63','a0432adfe5183d9','2009-08-17 16:10:04','2012-09-15 14:39:22'),(20,'Else','Schmitt','waters.bettie@example.net','+74(0)888965635','fbbe3f1e5b5d98f','1991-10-30 17:32:46','2020-02-08 04:23:58'),(21,'Pat','Bartell','allene31@example.net','815-865-2449x92','9ee0c2705cc9308','1972-12-31 05:49:05','2015-03-02 18:40:02'),(22,'Yessenia','Zemlak','hermina.ward@example.org','(521)798-4518x5','9bddaf34d6b077a','1996-10-03 23:46:47','2020-02-08 04:23:58'),(23,'Janet','Murray','queenie.bruen@example.net','02161965702','fe883a7a743f3f9','1979-05-16 14:42:50','2020-02-08 04:23:58'),(24,'Edmond','Treutel','ozella39@example.org','1-765-067-1483','aed5fcc0a74e31c','2016-12-09 16:36:17','2019-07-16 23:26:49'),(25,'Quinton','Sauer','okshlerin@example.org','(065)264-1644x4','2d9f59e76aa4064','1992-08-22 05:30:57','2019-11-02 19:18:14'),(26,'Nichole','Aufderhar','kunde.shanel@example.net','1-068-626-1149x','81343f40e8fbf85','1975-11-10 02:08:57','2020-02-08 04:23:58'),(27,'Joelle','Cronin','kuphal.rogelio@example.net','191.679.1047','6bd4559105906b3','1985-09-20 01:33:14','2020-02-08 04:23:58'),(28,'Conrad','Fahey','clovis.turcotte@example.org','(149)253-8308x3','032c6524b639f39','2001-11-20 05:39:47','2020-02-08 04:23:58'),(29,'Davin','Braun','jaeden.mcclure@example.com','(129)761-6257x6','ad4185968dc89ef','1986-01-29 01:13:03','2006-02-11 05:54:12'),(30,'Keshawn','Windler','skyla48@example.net','1-754-159-2109x','e983d5cb46a512d','1982-11-28 07:46:39','2020-02-08 04:23:58'),(31,'Dawn','Smith','carroll.marjory@example.net','07393532966','df9ab9031f91c64','1978-02-14 05:26:19','1993-10-02 22:46:38'),(32,'Elroy','Robel','sanderson@example.com','905-050-4689x78','2e3b462eb79c4df','1985-05-25 01:41:16','2013-11-23 23:36:18'),(33,'Justen','Rutherford','gibson.talon@example.org','612.518.4250','7b5092025dba0e8','1975-09-16 20:25:14','2020-02-08 04:23:58'),(34,'Celine','Fritsch','wilkinson.meghan@example.org','+83(6)168046199','1f2a16240129637','2013-09-10 18:17:09','2020-02-08 04:23:58'),(35,'Rosemary','Friesen','kristopher.brekke@example.org','1-791-175-6624x','c9a49c86ebfa535','1974-08-24 02:25:49','1999-03-19 13:12:58'),(36,'Opal','Nikolaus','kilback.lenna@example.net','08783908664','087ecf092e6151d','1986-05-12 04:48:15','2015-09-05 03:46:31'),(37,'Leon','Harris','cmonahan@example.net','1-705-188-5916x','5a04da3ef4a349a','1990-03-27 17:40:38','1997-04-01 17:36:38'),(38,'Earnestine','Jones','christ07@example.net','(527)650-6908','ee6ecabf988aed6','1999-09-29 01:26:30','2020-02-08 04:23:58'),(39,'Kaylin','Jenkins','grayson.kutch@example.com','(195)056-4870x1','fa013471d84c5f0','2000-05-08 07:49:58','2003-11-18 13:33:41'),(40,'Rudy','Zboncak','stefan.kemmer@example.com','695-707-0760','2eed44d9d9209f6','1978-07-31 13:41:55','1997-12-07 13:18:17'),(41,'Kianna','Lemke','dschmeler@example.net','866.400.3702','c2393131b6aa6db','1971-11-10 09:47:03','2020-02-08 04:23:58'),(42,'Laurel','Shanahan','bayer.kieran@example.net','422-719-9756x26','139e71327f81625','2013-04-08 03:48:19','2020-02-08 04:23:58'),(43,'Maxie','Upton','jacynthe62@example.org','760-179-6495x78','f8b57b1eb3b782b','1977-04-10 12:35:52','1988-10-23 05:35:12'),(44,'Naomi','Rutherford','claud28@example.net','147.073.5675x44','651cbc7516477a6','1999-06-27 08:06:40','2020-02-08 04:23:58'),(45,'Buford','Schroeder','zemlak.teresa@example.net','114.137.6326','6dce20fa41f6c89','2002-03-28 02:01:06','2008-04-01 14:38:23'),(46,'Dorris','Kautzer','zkeeling@example.org','128.077.4329x58','23d89218d4ebc11','1978-07-04 23:41:22','2018-01-27 21:07:20'),(47,'Daphney','Raynor','iferry@example.net','1-364-688-6521x','d0b03d4bcf0750c','1982-12-04 00:39:56','2020-02-08 04:23:58'),(48,'Grayson','Roob','jovanny63@example.net','724-848-6313x05','c1a6450b43713b2','1992-09-02 18:11:06','2020-02-08 04:23:58'),(49,'Margret','Feest','mgutmann@example.org','699.633.7143','a34c325eb02928c','1972-04-10 16:27:42','2020-02-08 04:23:58'),(50,'Polly','Cruickshank','ken.casper@example.net','734-854-4950','d8c11a25733ed30','1973-12-12 23:09:29','2020-02-08 04:23:58'),(51,'Jane','Emard','kaela.reilly@example.com','06015944717','e67c84e3268bd2a','1970-12-22 21:17:44','2007-11-24 22:29:06'),(52,'Modesta','Mann','kuhic.amir@example.com','(837)789-3708x8','c6bfb9b972d672d','1991-09-18 16:50:37','2000-08-21 01:12:20'),(53,'Cheyanne','Jakubowski','jwill@example.org','211.059.9003x56','8158077c2c7c235','1975-04-24 19:22:12','1991-09-12 16:34:47'),(54,'Bianka','Jones','ywintheiser@example.net','754.941.8679','619e4e8c32e3f36','1970-12-28 10:16:43','1989-11-20 03:57:03'),(55,'Krystal','Moen','ulowe@example.net','(053)089-1948x0','d00ec6ed48d1f00','1998-12-21 21:27:16','2020-02-08 04:23:58'),(56,'Percival','Ankunding','gregoria.o\'connell@example.net','(507)968-4226','37f3aaf20242156','1978-05-19 07:34:33','2020-02-08 04:23:58'),(57,'Aliya','Altenwerth','padberg.odie@example.org','195-092-5815x15','640a2b987ec9954','1970-08-21 20:15:18','2020-02-08 04:23:58'),(58,'Sabina','Erdman','mlowe@example.org','+06(9)947419472','b3c3c78d99c94e6','1979-12-18 21:40:41','1987-03-06 12:45:40'),(59,'Annalise','Sawayn','berge.rupert@example.org','208-158-0000x81','1eaddced86dc634','1971-10-25 10:20:37','2005-10-10 08:53:11'),(60,'Chauncey','Quigley','ulises40@example.net','842-233-2082x15','9907b91ed9f66f9','1988-04-24 23:51:31','2020-02-08 04:23:58'),(61,'Quinten','Kub','mayra78@example.net','1-330-267-5856x','c43b58492b7ceb8','1990-09-29 23:50:10','2011-09-29 23:05:54'),(62,'Naomie','Kuhic','macejkovic.golden@example.com','(767)516-3062','c2f115f7d2b2fa7','1990-12-27 01:55:06','2014-05-30 14:12:06'),(63,'Elaina','Schaefer','sveum@example.org','872-931-7063','acec2068793a698','2005-02-11 21:09:11','2019-02-22 23:50:16'),(64,'Ralph','Breitenberg','eileen85@example.com','+09(6)048386615','2384a20cc014921','1971-03-21 13:03:00','2005-11-09 12:29:42'),(65,'Kellen','Wisoky','jeramy05@example.net','1-000-406-4651x','618dfa09861c153','1985-12-31 08:15:34','1990-04-23 05:19:21'),(66,'Angus','Wuckert','gmccullough@example.org','(619)658-1772x2','29bf6f36413c9b5','1991-02-15 11:00:07','2020-02-08 04:23:58'),(67,'Katrine','Wolf','uhuel@example.org','1-142-026-7440x','d48838854ce9796','1982-08-24 13:02:31','1983-04-16 20:22:59'),(68,'Hershel','O\'Conner','powlowski.francisca@example.com','(719)818-7838x6','4fa3058fb86f86b','1987-12-30 23:49:27','1995-07-29 09:59:35'),(69,'Marilie','Runolfsson','maxine.grady@example.net','(319)591-9419','b4027830a4a052d','1983-02-22 03:51:55','2020-02-08 04:23:58'),(70,'Kendra','Cronin','joany.heaney@example.org','06229544723','c34c9e08c37a3ab','1988-07-06 23:12:42','2020-02-08 04:23:58'),(71,'Jackeline','Hahn','melyssa09@example.org','1-213-144-2519x','197744dbd48bf51','1972-02-13 03:43:04','2016-09-19 04:12:17'),(72,'Justine','Reilly','veum.nikolas@example.org','365.679.3682','2f652b2316f2e9c','1978-01-13 06:58:00','2014-04-30 18:38:14'),(73,'Dax','Pouros','uborer@example.com','968.073.7715','25c3a292802822a','1999-11-30 10:21:56','2007-10-12 11:51:47'),(74,'Enid','Metz','lilyan.heller@example.net','985-669-0296x27','387cf925531f72c','2009-03-05 15:22:06','2009-04-20 10:57:14'),(75,'Samson','Hettinger','friesen.mable@example.org','171.237.3885','a3ee85ddbc8a1d8','1980-07-01 05:55:34','2020-02-08 04:23:58'),(76,'Elwin','Legros','hackett.nelson@example.net','+75(5)143092988','80cef3a13634773','1975-05-17 05:02:34','2020-02-08 04:23:58'),(77,'Krystina','Little','myrtice95@example.net','027-306-4429x63','5789aaf6121d599','2000-11-28 11:20:19','2020-02-08 04:23:58'),(78,'Eladio','Mills','hartmann.jovan@example.org','1-136-857-7614x','005e29e93e21e1e','1980-01-04 01:32:37','2018-08-11 19:49:42'),(79,'Modesta','Lueilwitz','zander.purdy@example.org','1-874-329-2468','4cbe32d47156651','1974-01-10 23:26:24','2020-02-08 04:23:58'),(80,'Freida','Macejkovic','trace06@example.com','(946)163-2800x8','5a9229b83627f24','2010-04-13 15:08:40','2017-07-09 09:54:03'),(81,'Weldon','Paucek','jkeeling@example.com','(628)109-2301','1517ada120c73a4','1996-07-05 13:53:29','2020-02-08 04:23:58'),(82,'Milford','Lebsack','claude12@example.net','03280081763','eebed389b93482a','1972-05-16 11:46:55','2020-02-08 04:23:58'),(83,'Jessika','Hackett','schuster.brenna@example.com','(736)150-6875x0','c175d1c5369410a','1978-08-03 04:34:56','2015-01-30 10:17:43'),(84,'Marguerite','Zulauf','xbashirian@example.net','432-353-5141','fb57f6f9b7e221b','1978-05-30 21:37:20','2002-01-23 11:44:37'),(85,'Howell','Robel','jdietrich@example.org','1-791-549-3196','e1d70ff0888c178','2007-05-27 15:12:20','2019-01-10 00:38:41'),(86,'Darlene','Prohaska','carter.mckenzie@example.com','790-035-6690x88','50a8ae2f8442e7d','1978-09-27 18:08:34','2020-02-08 04:23:58'),(87,'Gage','Dare','lfunk@example.org','(194)252-2484x2','a2c262539d4189c','1970-08-29 16:32:11','2020-02-08 04:23:58'),(88,'Vella','Flatley','arno.kuphal@example.net','285.238.4824','1ed019845ff28f4','1979-12-20 02:41:43','2020-02-08 04:23:58'),(89,'Agnes','Reichert','dominic45@example.net','170-259-7711x57','250b9fe96aa3e1f','1997-07-26 15:54:26','2020-02-08 04:23:58'),(90,'Oscar','Hansen','adams.corrine@example.com','(982)845-8579x3','395d0cc1b3d68e8','1992-03-15 04:38:42','2020-02-08 04:23:58'),(91,'Antone','Watsica','zschulist@example.com','924.409.2349','ee97ee4dc2609ae','1977-05-10 09:12:27','2000-12-26 08:35:18'),(92,'Stone','Greenholt','golden17@example.com','(622)430-3821x3','f7ff2630e641fba','1978-04-13 18:11:10','2020-02-08 04:23:58'),(93,'Vincent','Brakus','zheaney@example.net','489.225.2095x37','2ef0786f90817d7','1981-12-24 02:28:15','2020-02-08 04:23:58'),(94,'Patricia','Kemmer','chauncey.toy@example.org','038-354-4493x87','c39abcce4bae3fe','1979-01-27 21:55:37','2020-02-08 04:23:58'),(95,'Adell','Mann','meggie86@example.com','03125482213','43a008437a7372e','2007-11-09 09:41:56','2020-02-08 04:23:58'),(96,'Ariane','Parker','xschneider@example.net','00863235789','a47132091defe1e','1972-06-04 08:26:52','1982-05-13 13:57:34'),(97,'Raphaelle','Auer','deontae.johnston@example.com','+52(8)454995714','6091328701fb357','1977-07-18 14:49:43','2020-02-08 04:23:58'),(98,'Cyrus','Jacobs','stephany.feest@example.com','605-822-2733x19','73e2fa869a705d6','1991-08-31 21:26:29','2020-02-08 04:23:58'),(99,'Enrico','Lueilwitz','abe.durgan@example.com','1-909-987-5697x','7db9580061e7ecb','2013-05-22 21:35:10','2014-06-10 20:40:53'),(100,'Deon','VonRueden','isabell47@example.net','+63(3)337374241','e4a19a05f6e02c8','1973-02-25 00:44:40','2020-02-08 04:23:58'),(101,'Letha','Hickle','hkling@example.net','+44(6)024377612','123d49f02fd19dc','1970-03-23 11:08:02','1978-02-26 18:41:13'),(102,'Lester','Heaney','ugusikowski@example.org','(009)122-4731x4','32fb09b32732c25','1971-02-05 07:31:24','2020-02-08 04:23:58'),(103,'Yolanda','Cassin','lemke.newton@example.net','05397001396','b3c32cfb63ab83e','2006-04-26 00:42:26','2020-02-08 04:23:58'),(104,'Ollie','Abernathy','qtreutel@example.org','1-659-818-7674','284faa433cc76ce','2003-12-31 04:24:50','2019-11-12 06:36:25'),(105,'Sadie','Thiel','neha.effertz@example.org','1-558-858-2916','7a70f72f92595f0','1971-01-29 23:55:41','2020-02-08 04:23:58'),(106,'Santino','Volkman','gusikowski.mayra@example.net','(230)716-8193x8','13c0276c3166dbd','1979-08-29 00:23:56','2009-12-13 11:14:29'),(107,'Micaela','Gerlach','yhagenes@example.net','236.497.6080x83','71c5de572c77091','1977-09-08 03:48:02','2020-02-08 04:23:58'),(108,'Paolo','Ledner','oo\'conner@example.com','1-151-651-3260x','2c1585b620a8368','1976-08-31 03:46:55','2020-02-08 04:23:58'),(109,'Eddie','Borer','daryl.fritsch@example.net','01645628187','0b27dad78f3b774','1978-02-23 14:21:40','2008-01-23 06:19:48'),(110,'Vidal','Harris','ali53@example.com','07472204923','8d7efc95357eab2','1997-09-27 11:08:37','2011-09-25 15:44:14'),(111,'Noemy','Fritsch','angelica26@example.net','575.989.1995','fd3c28596862163','1992-03-26 22:16:19','2020-02-08 04:23:58'),(112,'Ashleigh','Reichel','dovie.bashirian@example.org','(475)409-0125x7','b84c46c45812a5a','1974-02-23 19:01:49','1979-01-04 04:28:53'),(113,'Alden','Yundt','lauryn.stamm@example.net','03194900699','31cf58eb331c674','2009-06-15 01:32:22','2015-12-21 14:34:42'),(114,'Maxie','Huel','conner71@example.org','768-883-3086','fead143153ceb79','1970-01-17 00:59:39','2020-02-08 04:23:58'),(115,'Madilyn','Wyman','rmccullough@example.org','235.776.1089','727981532f71725','1980-08-20 04:05:32','2017-04-25 16:03:56'),(116,'Andrew','Crist','jarred26@example.org','553.851.6959','0f1673fef45eee5','1984-09-11 21:18:10','2011-10-27 05:51:55'),(117,'Ulices','McClure','antonio12@example.com','365.874.7644x23','590523897ce3c93','1980-01-31 14:37:03','2020-02-08 04:23:58'),(118,'Francis','Langosh','yasmine94@example.org','+08(7)992186521','26b7171f9a6c988','1997-10-03 15:14:43','2008-05-12 00:43:07'),(119,'Walton','Sporer','zoila.koss@example.com','397-407-9085','a578507d166c6fd','1978-11-21 20:54:54','1988-06-07 04:28:54'),(120,'Kathryn','McDermott','hester74@example.net','1-504-001-8652x','d92ae7f9786057a','1973-06-30 08:10:13','2009-08-27 06:31:18'),(121,'Felicia','Johns','hayley50@example.org','630.970.0037x03','43a307ee8182a85','1979-09-05 05:36:24','1997-08-19 12:34:55'),(122,'Lesly','Gerhold','langosh.garrick@example.org','+88(2)122287832','77c8a2e6b3ef194','1985-04-11 16:56:28','1999-05-11 23:16:00'),(123,'Cara','Pfeffer','zdubuque@example.com','018.217.3276','ff86a57f2be2574','1979-05-13 22:40:20','2020-02-08 04:23:58'),(124,'Rosalia','Kassulke','jaida89@example.com','1-113-034-2585x','0bebb82d157ed26','1983-12-15 00:15:24','1993-10-24 08:09:44'),(125,'Gus','Beahan','becker.britney@example.net','+54(2)808441152','ea3ab35b00e5a2d','1970-07-19 11:24:55','2020-02-08 04:23:58'),(126,'Carmelo','Batz','aaron79@example.net','1-606-367-1095','322c9fa68bcae34','1972-04-23 01:42:23','2020-02-08 04:23:58'),(127,'Oswald','Fadel','zackary11@example.com','+61(4)597205082','577c6691a400c00','1997-03-29 19:43:45','2009-01-22 02:44:07'),(128,'Annalise','Mayer','chelsea.stark@example.org','757-449-6506','6327f404db932f6','1984-11-04 06:49:45','1984-12-26 14:27:11'),(129,'Alverta','Sanford','robyn54@example.org','516-583-3305','0b5d8b013a638e1','1990-03-15 08:19:40','2020-02-08 04:23:58'),(130,'Electa','McGlynn','halvorson.kiarra@example.net','166.613.8550x21','a0fb7d470c7a7fd','2005-11-01 07:06:30','2015-12-02 21:24:53'),(131,'Tyson','Turner','lucienne82@example.com','053.423.0768','29f60998cf81c04','1985-06-08 05:10:31','2006-08-10 13:26:33'),(132,'Zella','Emmerich','bogisich.viva@example.org','(227)048-8717x1','3b2c8b86a932af6','2007-09-26 17:32:05','2020-02-08 04:23:58'),(133,'Myah','Funk','beer.jacky@example.org','00253875444','c6b1e30cdb57873','1986-02-14 20:43:12','1988-06-09 02:54:35'),(134,'Dorian','Willms','natalia64@example.net','267.611.2166x94','844358f7c453150','1984-03-04 05:36:33','2020-02-08 04:23:58'),(135,'Wallace','Bernhard','margarette25@example.org','516.929.4155x91','6b3bdcc4560d6ed','1970-01-03 12:52:52','1972-02-08 04:19:19'),(136,'Royal','Goldner','kgreen@example.org','(982)620-1834','504bc112bb1554b','1970-09-05 17:22:01','2011-08-27 04:35:39'),(137,'Josiah','Legros','hettinger.weston@example.com','714.162.3857x80','b4bb920926e1082','1998-03-22 22:56:53','2004-12-03 05:54:41'),(138,'River','Block','kboyer@example.com','670.764.1970','df732e9c82d44ab','1980-08-09 09:24:24','2020-02-08 04:23:58'),(139,'Nyah','Kuvalis','roselyn98@example.org','1-170-183-1147','94c8a2460925b0e','1978-06-29 18:57:11','2020-02-08 04:23:58'),(140,'Devante','Lubowitz','carlie11@example.com','658.207.3496','7385c805ee867b5','1983-03-10 13:37:06','2020-02-08 04:23:58'),(141,'Kylie','Kautzer','ottilie.stroman@example.net','02015543599','0ea7f54b6494243','1992-10-25 08:52:30','2020-02-08 04:23:58'),(142,'Miller','Shields','stone.dach@example.net','1-737-460-1833x','3b984efab309fac','1984-04-12 21:01:32','1992-08-11 18:15:59'),(143,'Violet','Stanton','sporer.leland@example.com','+20(5)154293767','54ec28419edfb19','1989-11-17 12:16:25','2020-02-08 04:23:58'),(144,'Bianka','Gutmann','izabella59@example.net','+54(7)480056027','483676dee01adc5','1984-08-23 18:50:30','2020-02-08 04:23:58'),(145,'Gregory','Veum','linnea.russel@example.com','(419)264-3009','6a25f943d748ac6','1973-08-29 01:49:44','2020-02-08 04:23:58'),(146,'Shanny','Schmidt','little.mikel@example.net','834-435-3159x15','103c52734e498af','1979-04-14 10:25:08','2020-02-08 04:23:58'),(147,'Elyssa','Jaskolski','mayert.milan@example.org','05682784461','8e7d5fca35577b3','1978-07-29 07:24:31','2001-08-05 06:45:16'),(148,'Franco','Dibbert','raynor.jaydon@example.org','343-850-5420x82','14399e20610a337','2004-03-16 22:33:28','2020-02-08 04:23:58'),(149,'Conrad','Larson','micaela.schmitt@example.net','987.491.0722','1aba2a7a5922fd8','1972-01-05 17:26:48','1999-01-27 03:56:45'),(150,'Anna','Swift','shea.romaguera@example.org','+58(8)211620826','4fae6b5b626149f','1971-02-16 15:16:39','1986-02-04 00:26:14');
/*!40000 ALTER TABLE `users` ENABLE KEYS */;
UNLOCK TABLES;
/*!40103 SET TIME_ZONE=@OLD_TIME_ZONE */;

/*!40101 SET SQL_MODE=@OLD_SQL_MODE */;
/*!40014 SET FOREIGN_KEY_CHECKS=@OLD_FOREIGN_KEY_CHECKS */;
/*!40014 SET UNIQUE_CHECKS=@OLD_UNIQUE_CHECKS */;
/*!40101 SET CHARACTER_SET_CLIENT=@OLD_CHARACTER_SET_CLIENT */;
/*!40101 SET CHARACTER_SET_RESULTS=@OLD_CHARACTER_SET_RESULTS */;
/*!40101 SET COLLATION_CONNECTION=@OLD_COLLATION_CONNECTION */;
/*!40111 SET SQL_NOTES=@OLD_SQL_NOTES */;

-- Dump completed on 2020-02-08  6:15:05
